<?xml version="1.0" encoding="UTF-8"?><Aanleveringen xmlns="http://www.geostandaarden.nl/bestanden-ow/manifest-ow"><domein>omgevingswet</domein><Aanlevering><WorkIDRegeling>/akn/nl/act/gm0363/2022/RegelingAmsterdamNieuw</WorkIDRegeling><DoelID>/join/id/proces/gm0363/2022/IntrEnVervangen</DoelID><Bestand><naam>d882c2a0-fa5c-416f-95e8-d0ddb045bc44.gml</naam><objecttype>Geometrie</objecttype></Bestand><Bestand><naam>74382627-d584-46d0-bbf8-3ad695ab82cc.gml</naam><objecttype>Geometrie</objecttype></Bestand><Bestand><naam>df6f6c97-f650-4469-93e9-e5d9ac4a4dba.gml</naam><objecttype>Geometrie</objecttype></Bestand></Aanlevering></Aanleveringen>