<?xml version="1.0" encoding="UTF-8"?><lvbb:manifest xmlns:lvbb="http://www.overheid.nl/2017/lvbb"><lvbb:bestand><lvbb:bestandsnaam>owActiviteiten.xml</lvbb:bestandsnaam><lvbb:contentType>application/xml</lvbb:contentType></lvbb:bestand><lvbb:bestand><lvbb:bestandsnaam>owGebiedsaanwijzing.xml</lvbb:bestandsnaam><lvbb:contentType>application/xml</lvbb:contentType></lvbb:bestand><lvbb:bestand><lvbb:bestandsnaam>df6f6c97-f650-4469-93e9-e5d9ac4a4dba.gml</lvbb:bestandsnaam><lvbb:contentType>application/xml</lvbb:contentType></lvbb:bestand><lvbb:bestand><lvbb:bestandsnaam>consolidaties.xml</lvbb:bestandsnaam><lvbb:contentType>application/xml</lvbb:contentType></lvbb:bestand><lvbb:bestand><lvbb:bestandsnaam>74382627-d584-46d0-bbf8-3ad695ab82cc.gml</lvbb:bestandsnaam><lvbb:contentType>application/xml</lvbb:contentType></lvbb:bestand><lvbb:bestand><lvbb:bestandsnaam>manifest-ow.xml</lvbb:bestandsnaam><lvbb:contentType>application/xml</lvbb:contentType></lvbb:bestand><lvbb:bestand><lvbb:bestandsnaam>owRegelingsgebied.xml</lvbb:bestandsnaam><lvbb:contentType>application/xml</lvbb:contentType></lvbb:bestand><lvbb:bestand><lvbb:bestandsnaam>owRegeltekst.xml</lvbb:bestandsnaam><lvbb:contentType>application/xml</lvbb:contentType></lvbb:bestand><lvbb:bestand><lvbb:bestandsnaam>owOmgevingsnormOmgevingswaarde.xml</lvbb:bestandsnaam><lvbb:contentType>application/xml</lvbb:contentType></lvbb:bestand><lvbb:bestand><lvbb:bestandsnaam>d882c2a0-fa5c-416f-95e8-d0ddb045bc44.gml</lvbb:bestandsnaam><lvbb:contentType>application/xml</lvbb:contentType></lvbb:bestand><lvbb:bestand><lvbb:bestandsnaam>owLocaties.xml</lvbb:bestandsnaam><lvbb:contentType>application/xml</lvbb:contentType></lvbb:bestand><lvbb:bestand><lvbb:bestandsnaam>manifest-bhkv.xml</lvbb:bestandsnaam><lvbb:contentType>application/xml</lvbb:contentType></lvbb:bestand><lvbb:bestand><lvbb:bestandsnaam>manifest.xml</lvbb:bestandsnaam><lvbb:contentType>application/xml</lvbb:contentType></lvbb:bestand></lvbb:manifest>