<?xml version="1.0" encoding="UTF-8"?>
<ow-dc:owBestand xsi:schemaLocation="http://www.geostandaarden.nl/imow/bestanden/deelbestand https://register.geostandaarden.nl/xmlschema/tpod/v2.0.0/bestanden-ow/deelbestand-ow/IMOW_Deelbestand.xsd" xmlns:xsi="http://www.w3.org/2001/XMLSchema-instance" xmlns:xlink="http://www.w3.org/1999/xlink" xmlns:gml="http://www.opengis.net/gml/3.2" xmlns:l="http://www.geostandaarden.nl/imow/locatie" xmlns:ga="http://www.geostandaarden.nl/imow/gebiedsaanwijzing" xmlns:da="http://www.geostandaarden.nl/imow/datatypenalgemeen" xmlns:sl="http://www.geostandaarden.nl/bestanden-ow/standlevering-generiek" xmlns:ow-dc="http://www.geostandaarden.nl/imow/bestanden/deelbestand" xmlns:rol="http://www.geostandaarden.nl/imow/regelsoplocatie" xmlns:r="http://www.geostandaarden.nl/imow/regels" xmlns:ow="http://www.geostandaarden.nl/imow/owobject">
   <sl:standBestand>
      <sl:dataset>TijdreizenInAmsterdam</sl:dataset>
      <sl:inhoud>
         <sl:gebied>Amsterdam</sl:gebied>
         <sl:leveringsId>Kadaster-Tijdreizen-initieel_001</sl:leveringsId>
         <sl:objectTypen>
            <sl:objectType>Activiteit</sl:objectType>
         </sl:objectTypen>
      </sl:inhoud>
      <!--      Wonen blijft ongewijzigd
      zwemmen wordt zwemmen zonder zwemvliezen
      Jordaan krijgt twee gebieden erbij (indische buurt oost en west)
      beëindiging
      skien wordt toegestaan-->
      <!--      <sl:stand>
         <ow-dc:owObject>
            <rol:Activiteit>
               <rol:identificatie>nl.imow-gm0363.activiteit.ongewijzigd</rol:identificatie>
               <rol:naam>wonen</rol:naam>
               <rol:groep>http://standaarden.omgevingswet.overheid.nl/activiteit/id/concept/MilieubelastendeActiviteit</rol:groep>
               <rol:bovenliggendeActiviteit>
                  <rol:ActiviteitRef xlink:href="nl.imow-gm0363.activiteit.ActInOmgevingsplanGem2"/>
               </rol:bovenliggendeActiviteit>
            </rol:Activiteit>
         </ow-dc:owObject>
      </sl:stand>-->
      <!--      <sl:stand>
         <ow-dc:owObject>
            <rol:Activiteit>
               <rol:identificatie>nl.imow-gm0363.activiteit.naamwijziging</rol:identificatie>
               <rol:naam>zwemmen zonder zwemvliezen</rol:naam>
               <rol:groep>http://standaarden.omgevingswet.overheid.nl/activiteit/id/concept/MilieubelastendeActiviteit</rol:groep>
               <rol:bovenliggendeActiviteit>
                  <rol:ActiviteitRef xlink:href="nl.imow-gm0363.activiteit.ActInOmgevingsplanGem2"/>
               </rol:bovenliggendeActiviteit>
            </rol:Activiteit>
         </ow-dc:owObject>
      </sl:stand>-->
      <!--      <sl:stand>
         <ow-dc:owObject>
            <rol:Activiteit>
               <rol:identificatie>nl.imow-gm0363.activiteit.locatiewijziging</rol:identificatie>
               <rol:naam>vissen</rol:naam>
               <rol:groep>http://standaarden.omgevingswet.overheid.nl/activiteit/id/concept/MilieubelastendeActiviteit</rol:groep>
               <rol:bovenliggendeActiviteit>
                  <rol:ActiviteitRef xlink:href="nl.imow-gm0363.activiteit.ActInOmgevingsplanGem2"/>
               </rol:bovenliggendeActiviteit>
            </rol:Activiteit>
         </ow-dc:owObject>
      </sl:stand>-->
      <!--      <sl:stand>
         <ow-dc:owObject>
            <rol:Activiteit>
               <ow:status>beëindigen</ow:status>
               <rol:identificatie>nl.imow-gm0363.activiteit.beeindiging</rol:identificatie>
               <rol:naam>zingen</rol:naam>
               <rol:groep>http://standaarden.omgevingswet.overheid.nl/activiteit/id/concept/MilieubelastendeActiviteit</rol:groep>
               <rol:bovenliggendeActiviteit>
                  <rol:ActiviteitRef xlink:href="nl.imow-gm0363.activiteit.ActInOmgevingsplanGem2"/>
               </rol:bovenliggendeActiviteit>
            </rol:Activiteit>
         </ow-dc:owObject>
      </sl:stand>-->
      <sl:stand>
         <ow-dc:owObject>
            <rol:Activiteit>
               <ow:status>beëindigen</ow:status>
               <rol:identificatie>nl.imow-gm0363.activiteit.beeindigingNavIntrVerv</rol:identificatie>
               <rol:naam>mountainbiken</rol:naam>
               <rol:groep>http://standaarden.omgevingswet.overheid.nl/activiteit/id/concept/MilieubelastendeActiviteit</rol:groep>
               <rol:bovenliggendeActiviteit>
                  <rol:ActiviteitRef xlink:href="nl.imow-gm0363.activiteit.ActInOmgevingsplanGem2"/>
               </rol:bovenliggendeActiviteit>
            </rol:Activiteit>
         </ow-dc:owObject>
      </sl:stand>
      <sl:stand>
         <ow-dc:owObject>
            <rol:Activiteit>
               <rol:identificatie>nl.imow-gm0363.activiteit.herleven</rol:identificatie>
               <rol:naam>wandelen</rol:naam>
               <rol:groep>http://standaarden.omgevingswet.overheid.nl/activiteit/id/concept/MilieubelastendeActiviteit</rol:groep>
               <rol:bovenliggendeActiviteit>
                  <rol:ActiviteitRef xlink:href="nl.imow-gm0363.activiteit.ActInOmgevingsplanGem2"/>
               </rol:bovenliggendeActiviteit>
            </rol:Activiteit>
         </ow-dc:owObject>
      </sl:stand>
      <!--      <sl:stand>
         <ow-dc:owObject>
            <rol:Activiteit>
               <rol:identificatie>nl.imow-gm0363.activiteit.intrekkenvervangen</rol:identificatie>
               <rol:naam>skiën</rol:naam>
               <rol:groep>http://standaarden.omgevingswet.overheid.nl/activiteit/id/concept/MilieubelastendeActiviteit</rol:groep>
               <rol:bovenliggendeActiviteit>
                  <rol:ActiviteitRef xlink:href="nl.imow-gm0363.activiteit.ActInOmgevingsplanGem2"/>
               </rol:bovenliggendeActiviteit>
            </rol:Activiteit>
         </ow-dc:owObject>
      </sl:stand>-->
      <!--      <sl:stand>
         <ow-dc:owObject>
            <rol:Activiteit>
               <rol:identificatie>nl.imow-gm0363.activiteit.ActInOmgevingsplanGem2</rol:identificatie>
               <rol:naam>ActiviteitInAmsterdam</rol:naam>
               <rol:groep>http://standaarden.omgevingswet.overheid.nl/activiteit/id/concept/MilieubelastendeActiviteit</rol:groep>
               <rol:bovenliggendeActiviteit>
                  <rol:ActiviteitRef xlink:href="nl.imow-mnre1034.activiteit.ActInOmgevingsplan"/>
               </rol:bovenliggendeActiviteit>
            </rol:Activiteit>
         </ow-dc:owObject>
      </sl:stand>-->
   </sl:standBestand>
</ow-dc:owBestand>
