<?xml version="1.0" encoding="UTF-8"?>
<ow-dc:owBestand xsi:schemaLocation="http://www.geostandaarden.nl/imow/bestanden/deelbestand https://register.geostandaarden.nl/xmlschema/tpod/v2.0.0/bestanden-ow/deelbestand-ow/IMOW_Deelbestand.xsd" xmlns:xsi="http://www.w3.org/2001/XMLSchema-instance" xmlns:xlink="http://www.w3.org/1999/xlink" xmlns:da="http://www.geostandaarden.nl/imow/datatypenalgemeen" xmlns:sl="http://www.geostandaarden.nl/bestanden-ow/standlevering-generiek" xmlns:ow-dc="http://www.geostandaarden.nl/imow/bestanden/deelbestand" xmlns:rol="http://www.geostandaarden.nl/imow/regelsoplocatie" xmlns:l="http://www.geostandaarden.nl/imow/locatie" xmlns:rkow="http://www.geostandaarden.nl/imow/regeltekstkoppelingow/" xmlns:r="http://www.geostandaarden.nl/imow/regels" xmlns:ow="http://www.geostandaarden.nl/imow/owobject">
   <sl:standBestand>
      <sl:dataset>TijdreizenInAmsterdam</sl:dataset>
      <sl:inhoud>
         <sl:gebied>Amsterdam</sl:gebied>
         <sl:leveringsId>Kadaster-Tijdreizen-initieel_001</sl:leveringsId>
         <sl:objectTypen>
            <sl:objectType>Omgevingsnorm</sl:objectType>
            <sl:objectType>Omgevingswaarde</sl:objectType>
         </sl:objectTypen>
      </sl:inhoud>
      <sl:stand>
         <ow-dc:owObject>
            <rol:Omgevingsnorm>
               <rol:identificatie>nl.imow-gm0363.omgevingsnorm.IntrekkenVervangen</rol:identificatie>
               <rol:naam>NormIntrekkenVervangen</rol:naam>
               <rol:type>http://standaarden.omgevingswet.overheid.nl/typenorm/id/concept/Kap</rol:type>
               <rol:normwaarde>
                  <rol:Normwaarde>
                     <rol:identificatie>nl.imow-gm0363.normwaarde.inspiratiekwijtNr1</rol:identificatie>
                     <rol:kwalitatieveWaarde>inspiratiehervonden1!</rol:kwalitatieveWaarde>
                     <rol:locatieaanduiding>
                        <l:LocatieRef xlink:href="nl.imow-gm0363.gebiedengroep.Museumkwartier"/>
                     </rol:locatieaanduiding>
                  </rol:Normwaarde>
                  <rol:Normwaarde>
                     <rol:identificatie>nl.imow-gm0363.normwaarde.inspiratiekwijtNr4</rol:identificatie>
                     <rol:kwalitatieveWaarde>inspiratiehervonden4!</rol:kwalitatieveWaarde>
                     <rol:locatieaanduiding>
                        <l:LocatieRef xlink:href="nl.imow-gm0363.gebiedengroep.OostelijkHavengebied"/>
                     </rol:locatieaanduiding>
                  </rol:Normwaarde>
               </rol:normwaarde>
               <rol:groep>http://standaarden.omgevingswet.overheid.nl/omgevingsnorm/id/concept/Overig</rol:groep>
            </rol:Omgevingsnorm>
         </ow-dc:owObject>
      </sl:stand>
      <sl:stand>
         <ow-dc:owObject>
            <rol:Omgevingswaarde>
               <rol:identificatie>nl.imow-gm0363.omgevingswaarde.Overstromingskans1op500</rol:identificatie>
               <rol:naam>Overstromingskans1op500 Aangepast nav intrekken vervangen</rol:naam>
               <rol:type>http://standaarden.omgevingswet.overheid.nl/typenorm/id/concept/NogToeTeVoegen</rol:type>
               <rol:normwaarde>
                  <rol:Normwaarde>
                     <rol:identificatie>nl.imow-gm0363.normwaarde.1op500</rol:identificatie>
                     <rol:kwalitatieveWaarde>1op500</rol:kwalitatieveWaarde>
                     <rol:locatieaanduiding>
                        <l:LocatieRef xlink:href="nl.imow-gm0363.gebiedengroep.VanLennepbuurt"/>
                     </rol:locatieaanduiding>
                  </rol:Normwaarde>
               </rol:normwaarde>
               <rol:groep>http://standaarden.omgevingswet.overheid.nl/omgevingswaarde/id/concept/VeiligheidWaterkering</rol:groep>
            </rol:Omgevingswaarde>
         </ow-dc:owObject>
      </sl:stand>
   </sl:standBestand>
</ow-dc:owBestand>
