<?xml version="1.0" encoding="UTF-8"?>
<ow-dc:owBestand xsi:schemaLocation="http://www.geostandaarden.nl/imow/bestanden/deelbestand https://register.geostandaarden.nl/xmlschema/tpod/v2.0.0/bestanden-ow/deelbestand-ow/IMOW_Deelbestand.xsd" xmlns:xsi="http://www.w3.org/2001/XMLSchema-instance" xmlns:xlink="http://www.w3.org/1999/xlink" xmlns:ga="http://www.geostandaarden.nl/imow/gebiedsaanwijzing" xmlns:da="http://www.geostandaarden.nl/imow/datatypenalgemeen" xmlns:sl="http://www.geostandaarden.nl/bestanden-ow/standlevering-generiek" xmlns:ow-dc="http://www.geostandaarden.nl/imow/bestanden/deelbestand" xmlns:ow="http://www.geostandaarden.nl/imow/owobject" xmlns:rol="http://www.geostandaarden.nl/imow/regelsoplocatie" xmlns:l="http://www.geostandaarden.nl/imow/locatie" xmlns:r="http://www.geostandaarden.nl/imow/regels" xmlns:k="http://www.geostandaarden.nl/imow/kaart">
   <sl:standBestand>
      <sl:dataset>TijdreizenInAmsterdam</sl:dataset>
      <sl:inhoud>
         <sl:gebied>Amsterdam</sl:gebied>
         <sl:leveringsId>Kadaster-Tijdreizen-initieel_001</sl:leveringsId>
         <sl:objectTypen>
            <sl:objectType>Regeltekst</sl:objectType>
            <sl:objectType>RegelVoorIedereen</sl:objectType>
            <sl:objectType>Instructieregel</sl:objectType>
            <sl:objectType>Omgevingswaarderegel</sl:objectType>
         </sl:objectTypen>
      </sl:inhoud>
      <sl:stand><ow-dc:owObject><r:Regeltekst wId="gm0363_1__chp_2__art_2.1"><r:identificatie>nl.imow-gm0363.regeltekst.gm03631chp2art21</r:identificatie></r:Regeltekst></ow-dc:owObject></sl:stand>
      <sl:stand><ow-dc:owObject><r:Regeltekst wId="gm0363_1__chp_2__art_2.2"><r:identificatie>nl.imow-gm0363.regeltekst.gm03631chp2art22</r:identificatie></r:Regeltekst></ow-dc:owObject></sl:stand>
      <sl:stand><ow-dc:owObject><r:Regeltekst wId="gm0363_1__chp_2__art_2.3"><r:identificatie>nl.imow-gm0363.regeltekst.gm03631chp2art23</r:identificatie></r:Regeltekst></ow-dc:owObject></sl:stand>
      <sl:stand><ow-dc:owObject><r:Regeltekst wId="gm0363_1__chp_2__art_2.4"><r:identificatie>nl.imow-gm0363.regeltekst.gm03631chp2art24</r:identificatie></r:Regeltekst></ow-dc:owObject></sl:stand>
      <sl:stand><ow-dc:owObject><r:Regeltekst wId="gm0363_1__chp_2__art_2.5"><r:identificatie>nl.imow-gm0363.regeltekst.gm03631chp2art25</r:identificatie></r:Regeltekst></ow-dc:owObject></sl:stand>
      <sl:stand>
         <ow-dc:owObject>
            <r:Regeltekst wId="gm0363_1__chp_2__art_2.6">
               <r:identificatie>nl.imow-gm0363.regeltekst.gm03631chp2art26</r:identificatie>
            </r:Regeltekst>
         </ow-dc:owObject>
      </sl:stand>
      <sl:stand>
         <ow-dc:owObject>
            <r:Regeltekst wId="gm0363_1__chp_2__art_2.7">
               <r:identificatie>nl.imow-gm0363.regeltekst.gm03631chp2art27</r:identificatie>
            </r:Regeltekst>
         </ow-dc:owObject>
      </sl:stand>
      <sl:stand><ow-dc:owObject><r:Regeltekst wId="gm0363_1__chp_3__art_3.1"><r:identificatie>nl.imow-gm0363.regeltekst.gm03631chp3art31</r:identificatie></r:Regeltekst></ow-dc:owObject></sl:stand>
      <sl:stand><ow-dc:owObject><r:Regeltekst wId="gm0363_1__chp_3__art_3.2"><r:identificatie>nl.imow-gm0363.regeltekst.gm03631chp3art32</r:identificatie></r:Regeltekst></ow-dc:owObject></sl:stand>
      <sl:stand><ow-dc:owObject><r:Regeltekst wId="gm0363_1__chp_3__art_3.3"><r:identificatie>nl.imow-gm0363.regeltekst.gm03631chp3art33</r:identificatie></r:Regeltekst></ow-dc:owObject></sl:stand>
      <sl:stand><ow-dc:owObject><r:Regeltekst wId="gm0363_1__chp_3__art_3.4"><r:identificatie>nl.imow-gm0363.regeltekst.gm03631chp3art34</r:identificatie></r:Regeltekst></ow-dc:owObject></sl:stand>
      <sl:stand><ow-dc:owObject><r:Regeltekst wId="gm0363_1__chp_3__art_3.5"><r:identificatie>nl.imow-gm0363.regeltekst.gm03631chp3art35</r:identificatie></r:Regeltekst></ow-dc:owObject></sl:stand>
            <sl:stand>
         <ow-dc:owObject>
            <r:Regeltekst wId="gm0363_1__chp_3__art_3.6">
               <r:identificatie>nl.imow-gm0363.regeltekst.gm03631chp3art36</r:identificatie>
            </r:Regeltekst>
         </ow-dc:owObject>
      </sl:stand>
      <sl:stand>
         <ow-dc:owObject>
            <r:Regeltekst wId="gm0363_1__chp_3__art_3.7">
               <r:identificatie>nl.imow-gm0363.regeltekst.gm03631chp3art37</r:identificatie>
            </r:Regeltekst>
         </ow-dc:owObject>
      </sl:stand>
            <sl:stand><ow-dc:owObject><r:Regeltekst wId="gm0363_1__chp_4__art_4.1"><r:identificatie>nl.imow-gm0363.regeltekst.gm03631chp4art41</r:identificatie></r:Regeltekst></ow-dc:owObject></sl:stand>
      <sl:stand><ow-dc:owObject><r:Regeltekst wId="gm0363_1__chp_4__art_4.2"><r:identificatie>nl.imow-gm0363.regeltekst.gm03631chp4art42</r:identificatie></r:Regeltekst></ow-dc:owObject></sl:stand>
      <sl:stand><ow-dc:owObject><r:Regeltekst wId="gm0363_1__chp_4__art_4.3"><r:identificatie>nl.imow-gm0363.regeltekst.gm03631chp4art43</r:identificatie></r:Regeltekst></ow-dc:owObject></sl:stand>
      <sl:stand><ow-dc:owObject><r:Regeltekst wId="gm0363_1__chp_4__art_4.4"><r:identificatie>nl.imow-gm0363.regeltekst.gm03631chp4art44</r:identificatie></r:Regeltekst></ow-dc:owObject></sl:stand>
      <sl:stand><ow-dc:owObject><r:Regeltekst wId="gm0363_1__chp_4__art_4.5"><r:identificatie>nl.imow-gm0363.regeltekst.gm03631chp4art45</r:identificatie></r:Regeltekst></ow-dc:owObject></sl:stand>
      <sl:stand><ow-dc:owObject><r:Regeltekst wId="gm0363_1__chp_5__art_5.1"><r:identificatie>nl.imow-gm0363.regeltekst.gm03631chp5art51</r:identificatie></r:Regeltekst></ow-dc:owObject></sl:stand>
      <sl:stand><ow-dc:owObject><r:Regeltekst wId="gm0363_1__chp_5__art_5.2"><r:identificatie>nl.imow-gm0363.regeltekst.gm03631chp5art52</r:identificatie></r:Regeltekst></ow-dc:owObject></sl:stand>
      <sl:stand><ow-dc:owObject><r:Regeltekst wId="gm0363_1__chp_5__art_5.3"><r:identificatie>nl.imow-gm0363.regeltekst.gm03631chp5art53</r:identificatie></r:Regeltekst></ow-dc:owObject></sl:stand>
      <sl:stand><ow-dc:owObject><r:Regeltekst wId="gm0363_1__chp_5__art_5.4"><r:identificatie>nl.imow-gm0363.regeltekst.gm03631chp5art54</r:identificatie></r:Regeltekst></ow-dc:owObject></sl:stand>
      <sl:stand><ow-dc:owObject><r:Regeltekst wId="gm0363_1__chp_5__art_5.5"><r:identificatie>nl.imow-gm0363.regeltekst.gm03631chp5art55</r:identificatie></r:Regeltekst></ow-dc:owObject></sl:stand>
      <sl:stand><ow-dc:owObject><r:Regeltekst wId="gm0363_1__chp_5__art_5.6"><r:identificatie>nl.imow-gm0363.regeltekst.gm03631chp5art56</r:identificatie></r:Regeltekst></ow-dc:owObject></sl:stand>
      <sl:stand><ow-dc:owObject><r:Regeltekst wId="gm0363_1__chp_5__art_5.7"><r:identificatie>nl.imow-gm0363.regeltekst.gm03631chp5art57</r:identificatie></r:Regeltekst></ow-dc:owObject></sl:stand>
      <sl:stand><ow-dc:owObject><r:Regeltekst wId="gm0363_1__chp_5__art_5.8"><r:identificatie>nl.imow-gm0363.regeltekst.gm03631chp5art58</r:identificatie></r:Regeltekst></ow-dc:owObject></sl:stand>
      <sl:stand><ow-dc:owObject><r:Regeltekst wId="gm0363_1__chp_5__art_5.9"><r:identificatie>nl.imow-gm0363.regeltekst.gm03631chp5art59</r:identificatie></r:Regeltekst></ow-dc:owObject></sl:stand>
      <sl:stand><ow-dc:owObject><r:Regeltekst wId="gm0363_1__chp_5__art_5.10"><r:identificatie>nl.imow-gm0363.regeltekst.gm03631chp5art510</r:identificatie></r:Regeltekst></ow-dc:owObject></sl:stand>
      <sl:stand><ow-dc:owObject><r:Regeltekst wId="gm0363_1__chp_5__art_5.11"><r:identificatie>nl.imow-gm0363.regeltekst.gm03631chp5art511</r:identificatie></r:Regeltekst></ow-dc:owObject></sl:stand>
      <sl:stand><ow-dc:owObject><r:Regeltekst wId="gm0363_1__chp_5__art_5.12"><r:identificatie>nl.imow-gm0363.regeltekst.gm03631chp5art512</r:identificatie></r:Regeltekst></ow-dc:owObject></sl:stand>
      <sl:stand><ow-dc:owObject><r:Regeltekst wId="gm0363_1__chp_5__art_5.13"><r:identificatie>nl.imow-gm0363.regeltekst.gm03631chp5art513</r:identificatie></r:Regeltekst></ow-dc:owObject></sl:stand>
      <sl:stand><ow-dc:owObject><r:Regeltekst wId="gm0363_1__chp_5__art_5.14"><r:identificatie>nl.imow-gm0363.regeltekst.gm03631chp5art514</r:identificatie></r:Regeltekst></ow-dc:owObject></sl:stand>
      <sl:stand><ow-dc:owObject><r:Regeltekst wId="gm0363_1__chp_5__art_5.15"><r:identificatie>nl.imow-gm0363.regeltekst.gm03631chp5art515</r:identificatie></r:Regeltekst></ow-dc:owObject></sl:stand>
      <sl:stand><ow-dc:owObject><r:Regeltekst wId="gm0363_1__chp_5__art_5.16"><r:identificatie>nl.imow-gm0363.regeltekst.gm03631chp5art516</r:identificatie></r:Regeltekst></ow-dc:owObject></sl:stand>
      <sl:stand><ow-dc:owObject><r:Regeltekst wId="gm0363_1__chp_5__art_5.17"><r:identificatie>nl.imow-gm0363.regeltekst.gm03631chp5art517</r:identificatie></r:Regeltekst></ow-dc:owObject></sl:stand>
      <sl:stand><ow-dc:owObject><r:Regeltekst wId="gm0363_1__chp_5__art_5.18"><r:identificatie>nl.imow-gm0363.regeltekst.gm03631chp5art518</r:identificatie></r:Regeltekst></ow-dc:owObject></sl:stand>
      <sl:stand><ow-dc:owObject><r:Regeltekst wId="gm0363_1__chp_5__art_5.19"><r:identificatie>nl.imow-gm0363.regeltekst.gm03631chp5art519</r:identificatie></r:Regeltekst></ow-dc:owObject></sl:stand>
      <sl:stand><ow-dc:owObject><r:Regeltekst wId="gm0363_1__chp_5__art_5.20"><r:identificatie>nl.imow-gm0363.regeltekst.gm03631chp5art520</r:identificatie></r:Regeltekst></ow-dc:owObject></sl:stand>
      <sl:stand><ow-dc:owObject><r:Regeltekst wId="gm0363_1__chp_5__art_5.21"><r:identificatie>nl.imow-gm0363.regeltekst.gm03631chp5art521</r:identificatie></r:Regeltekst></ow-dc:owObject></sl:stand>
      <sl:stand><ow-dc:owObject><r:Regeltekst wId="gm0363_1__chp_5__art_5.22"><r:identificatie>nl.imow-gm0363.regeltekst.gm03631chp5art522</r:identificatie></r:Regeltekst></ow-dc:owObject></sl:stand>
      <sl:stand><ow-dc:owObject><r:Regeltekst wId="gm0363_1__chp_5__art_5.23"><r:identificatie>nl.imow-gm0363.regeltekst.gm03631chp5art523</r:identificatie></r:Regeltekst></ow-dc:owObject></sl:stand>
      <sl:stand><ow-dc:owObject><r:Regeltekst wId="gm0363_1__chp_5__art_5.24"><r:identificatie>nl.imow-gm0363.regeltekst.gm03631chp5art524</r:identificatie></r:Regeltekst></ow-dc:owObject></sl:stand>
      <sl:stand><ow-dc:owObject><r:Regeltekst wId="gm0363_1__chp_5__art_5.25"><r:identificatie>nl.imow-gm0363.regeltekst.gm03631chp5art525</r:identificatie></r:Regeltekst></ow-dc:owObject></sl:stand>
      <sl:stand><ow-dc:owObject><r:Regeltekst wId="gm0363_1__chp_5__art_5.26"><r:identificatie>nl.imow-gm0363.regeltekst.gm03631chp5art526</r:identificatie></r:Regeltekst></ow-dc:owObject></sl:stand>
      <sl:stand><ow-dc:owObject><r:Regeltekst wId="gm0363_1__chp_5__art_5.27"><r:identificatie>nl.imow-gm0363.regeltekst.gm03631chp5art527</r:identificatie></r:Regeltekst></ow-dc:owObject></sl:stand>
      <sl:stand><ow-dc:owObject><r:Regeltekst wId="gm0363_1__chp_5__art_5.28"><r:identificatie>nl.imow-gm0363.regeltekst.gm03631chp5art528</r:identificatie></r:Regeltekst></ow-dc:owObject></sl:stand>
      <sl:stand><ow-dc:owObject><r:Regeltekst wId="gm0363_1__chp_5__art_5.29"><r:identificatie>nl.imow-gm0363.regeltekst.gm03631chp5art529</r:identificatie></r:Regeltekst></ow-dc:owObject></sl:stand>
      <sl:stand><ow-dc:owObject><r:Regeltekst wId="gm0363_1__chp_5__art_5.30"><r:identificatie>nl.imow-gm0363.regeltekst.gm03631chp5art530</r:identificatie></r:Regeltekst></ow-dc:owObject></sl:stand>
      <sl:stand><ow-dc:owObject><r:Regeltekst wId="gm0363_1__chp_6__art_6.1"><r:identificatie>nl.imow-gm0363.regeltekst.gm03631chp6art61</r:identificatie></r:Regeltekst></ow-dc:owObject></sl:stand>
      <sl:stand><ow-dc:owObject><r:Regeltekst wId="gm0363_1__chp_6__art_6.2"><r:identificatie>nl.imow-gm0363.regeltekst.gm03631chp6art62</r:identificatie></r:Regeltekst></ow-dc:owObject></sl:stand>
      <sl:stand><ow-dc:owObject><r:Regeltekst wId="gm0363_1__chp_6__art_6.3"><r:identificatie>nl.imow-gm0363.regeltekst.gm03631chp6art63</r:identificatie></r:Regeltekst></ow-dc:owObject></sl:stand>
      <sl:stand><ow-dc:owObject><r:Regeltekst wId="gm0363_1__chp_6__art_6.4"><r:identificatie>nl.imow-gm0363.regeltekst.gm03631chp6art64</r:identificatie></r:Regeltekst></ow-dc:owObject></sl:stand>
      <sl:stand><ow-dc:owObject><r:Regeltekst wId="gm0363_1__chp_6__art_6.5"><r:identificatie>nl.imow-gm0363.regeltekst.gm03631chp6art65</r:identificatie></r:Regeltekst></ow-dc:owObject></sl:stand>
      <sl:stand><ow-dc:owObject><r:Regeltekst wId="gm0363_1__chp_7__art_7.1"><r:identificatie>nl.imow-gm0363.regeltekst.gm03631chp7art71</r:identificatie></r:Regeltekst></ow-dc:owObject></sl:stand>
      <sl:stand><ow-dc:owObject><r:Regeltekst wId="gm0363_1__chp_7__art_7.2"><r:identificatie>nl.imow-gm0363.regeltekst.gm03631chp7art72</r:identificatie></r:Regeltekst></ow-dc:owObject></sl:stand>
      <sl:stand><ow-dc:owObject><r:Regeltekst wId="gm0363_1__chp_7__art_7.3"><r:identificatie>nl.imow-gm0363.regeltekst.gm03631chp7art73</r:identificatie></r:Regeltekst></ow-dc:owObject></sl:stand>
      <sl:stand><ow-dc:owObject><r:Regeltekst wId="gm0363_1__chp_8__art_8.1"><r:identificatie>nl.imow-gm0363.regeltekst.gm03631chp8art81</r:identificatie></r:Regeltekst></ow-dc:owObject></sl:stand>
      <sl:stand><ow-dc:owObject><r:Regeltekst wId="gm0363_1__chp_8__art_8.2"><r:identificatie>nl.imow-gm0363.regeltekst.gm03631chp8art82</r:identificatie></r:Regeltekst></ow-dc:owObject></sl:stand>
      <sl:stand><ow-dc:owObject><r:Regeltekst wId="gm0363_1__chp_8__art_8.3"><r:identificatie>nl.imow-gm0363.regeltekst.gm03631chp8art83</r:identificatie></r:Regeltekst></ow-dc:owObject></sl:stand>
      <sl:stand><ow-dc:owObject><r:Regeltekst wId="gm0363_1__chp_8__art_8.4"><r:identificatie>nl.imow-gm0363.regeltekst.gm03631chp8art84</r:identificatie></r:Regeltekst></ow-dc:owObject></sl:stand>
      <sl:stand><ow-dc:owObject><r:Regeltekst wId="gm0363_1__chp_8__art_8.5"><r:identificatie>nl.imow-gm0363.regeltekst.gm03631chp8art85</r:identificatie></r:Regeltekst></ow-dc:owObject></sl:stand>
      <!--<sl:stand><ow-dc:owObject><r:RegelVoorIedereen><r:identificatie>nl.imow-gm0363.juridischeregel.gm03631chp2art21</r:identificatie><r:idealisatie>http://standaarden.omgevingswet.overheid.nl/idealisatie/id/concept/Exact</r:idealisatie><r:artikelOfLid><r:RegeltekstRef xlink:href="nl.imow-gm0363.regeltekst.gm03631chp2art21"/></r:artikelOfLid><r:locatieaanduiding><l:LocatieRef xlink:href="nl.imow-gm0363.gebiedengroep.BurgwallenNieuweZijde"/></r:locatieaanduiding><r:activiteitaanduiding><rol:ActiviteitRef xlink:href="nl.imow-gm0363.activiteit.ongewijzigd"/><r:ActiviteitLocatieaanduiding><r:identificatie>nl.imow-gm0363.activiteitlocatieaanduiding.wonenBurgwallenNieuweZijde</r:identificatie><r:activiteitregelkwalificatie>http://standaarden.omgevingswet.overheid.nl/activiteitregelkwalificatie/id/concept/Toegestaan</r:activiteitregelkwalificatie><r:locatieaanduiding><l:LocatieRef xlink:href="nl.imow-gm0363.gebiedengroep.BurgwallenNieuweZijde"/></r:locatieaanduiding></r:ActiviteitLocatieaanduiding></r:activiteitaanduiding></r:RegelVoorIedereen></ow-dc:owObject></sl:stand>-->
      <!--<sl:stand><ow-dc:owObject><r:RegelVoorIedereen><r:identificatie>nl.imow-gm0363.juridischeregel.gm03631chp2art22</r:identificatie><r:idealisatie>http://standaarden.omgevingswet.overheid.nl/idealisatie/id/concept/Exact</r:idealisatie><r:artikelOfLid><r:RegeltekstRef xlink:href="nl.imow-gm0363.regeltekst.gm03631chp2art22"/></r:artikelOfLid><r:locatieaanduiding><l:LocatieRef xlink:href="nl.imow-gm0363.gebiedengroep.Middenmeer"/></r:locatieaanduiding><r:activiteitaanduiding><rol:ActiviteitRef xlink:href="nl.imow-gm0363.activiteit.naamwijziging"/><r:ActiviteitLocatieaanduiding><r:identificatie>nl.imow-gm0363.activiteitlocatieaanduiding.zwemmenMiddenmeer</r:identificatie><r:activiteitregelkwalificatie>http://standaarden.omgevingswet.overheid.nl/activiteitregelkwalificatie/id/concept/Verbod</r:activiteitregelkwalificatie><r:locatieaanduiding><l:LocatieRef xlink:href="nl.imow-gm0363.gebiedengroep.Middenmeer"/></r:locatieaanduiding></r:ActiviteitLocatieaanduiding></r:activiteitaanduiding></r:RegelVoorIedereen></ow-dc:owObject></sl:stand>-->
      <!--<sl:stand><ow-dc:owObject><r:RegelVoorIedereen><r:identificatie>nl.imow-gm0363.juridischeregel.gm03631chp2art23</r:identificatie><r:idealisatie>http://standaarden.omgevingswet.overheid.nl/idealisatie/id/concept/Exact</r:idealisatie><r:artikelOfLid><r:RegeltekstRef xlink:href="nl.imow-gm0363.regeltekst.gm03631chp2art23"/></r:artikelOfLid><r:locatieaanduiding><l:LocatieRef xlink:href="nl.imow-gm0363.gebiedengroep.Jordaan"/></r:locatieaanduiding><r:activiteitaanduiding><rol:ActiviteitRef xlink:href="nl.imow-gm0363.activiteit.locatiewijziging"/><r:ActiviteitLocatieaanduiding><r:identificatie>nl.imow-gm0363.activiteitlocatieaanduiding.vissenJordaanEnMeer</r:identificatie><r:activiteitregelkwalificatie>http://standaarden.omgevingswet.overheid.nl/activiteitregelkwalificatie/id/concept/Toegestaan</r:activiteitregelkwalificatie><r:locatieaanduiding><l:LocatieRef xlink:href="nl.imow-gm0363.gebiedengroep.Jordaan"/><l:LocatieRef xlink:href="nl.imow-gm0363.gebiedengroep.IndischeBuurtOost"/><l:LocatieRef xlink:href="nl.imow-gm0363.gebiedengroep.IndischeBuurtWest"/></r:locatieaanduiding></r:ActiviteitLocatieaanduiding></r:activiteitaanduiding></r:RegelVoorIedereen></ow-dc:owObject></sl:stand>-->
      <!--<sl:stand><ow-dc:owObject><r:RegelVoorIedereen><r:identificatie>nl.imow-gm0363.juridischeregel.gm03631chp2art24</r:identificatie><r:idealisatie>http://standaarden.omgevingswet.overheid.nl/idealisatie/id/concept/Exact</r:idealisatie><r:artikelOfLid><r:RegeltekstRef xlink:href="nl.imow-gm0363.regeltekst.gm03631chp2art24"/></r:artikelOfLid><r:locatieaanduiding><l:LocatieRef xlink:href="nl.imow-gm0363.gebiedengroep.OudePijp"/></r:locatieaanduiding></r:RegelVoorIedereen></ow-dc:owObject></sl:stand>-->
      <!--art2.5 pas bij intrekken vervangen-->
      <sl:stand><ow-dc:owObject><r:RegelVoorIedereen><r:identificatie>nl.imow-gm0363.juridischeregel.gm03631chp2art25</r:identificatie><r:idealisatie>http://standaarden.omgevingswet.overheid.nl/idealisatie/id/concept/Exact</r:idealisatie><r:artikelOfLid><r:RegeltekstRef xlink:href="nl.imow-gm0363.regeltekst.gm03631chp2art25"/></r:artikelOfLid><r:locatieaanduiding><l:LocatieRef xlink:href="nl.imow-gm0363.gebiedengroep.DeWeteringschans"/></r:locatieaanduiding><r:activiteitaanduiding><rol:ActiviteitRef xlink:href="nl.imow-gm0363.activiteit.intrekkenvervangen"/><r:ActiviteitLocatieaanduiding><r:identificatie>nl.imow-gm0363.activiteitlocatieaanduiding.skienDeWeteringschansToegestaan</r:identificatie><r:activiteitregelkwalificatie>http://standaarden.omgevingswet.overheid.nl/activiteitregelkwalificatie/id/concept/Toegestaan</r:activiteitregelkwalificatie><r:locatieaanduiding><l:LocatieRef xlink:href="nl.imow-gm0363.gebiedengroep.DeWeteringschans"/></r:locatieaanduiding></r:ActiviteitLocatieaanduiding></r:activiteitaanduiding></r:RegelVoorIedereen></ow-dc:owObject></sl:stand>
      <sl:stand><ow-dc:owObject><r:RegelVoorIedereen><r:identificatie>nl.imow-gm0363.juridischeregel.gm03631chp2art26</r:identificatie><r:idealisatie>http://standaarden.omgevingswet.overheid.nl/idealisatie/id/concept/Exact</r:idealisatie><r:artikelOfLid><r:RegeltekstRef xlink:href="nl.imow-gm0363.regeltekst.gm03631chp2art26"/></r:artikelOfLid><r:locatieaanduiding><l:LocatieRef xlink:href="nl.imow-gm0363.gebiedengroep.BurgwallenOudeZijde"/></r:locatieaanduiding></r:RegelVoorIedereen></ow-dc:owObject></sl:stand>
      <sl:stand><ow-dc:owObject><r:RegelVoorIedereen><r:identificatie>nl.imow-gm0363.juridischeregel.gm03631chp2art27</r:identificatie>
               <r:idealisatie>http://standaarden.omgevingswet.overheid.nl/idealisatie/id/concept/Exact</r:idealisatie>
               <r:artikelOfLid>
                  <r:RegeltekstRef xlink:href="nl.imow-gm0363.regeltekst.gm03631chp2art27"/>
               </r:artikelOfLid>
               <r:locatieaanduiding>
                  <l:LocatieRef xlink:href="nl.imow-gm0363.gebiedengroep.Dapperbuurt"/>
               </r:locatieaanduiding>
               <r:activiteitaanduiding>
                  <rol:ActiviteitRef xlink:href="nl.imow-gm0363.activiteit.herleven"/>
                  <r:ActiviteitLocatieaanduiding>
                     <r:identificatie>nl.imow-gm0363.activiteitlocatieaanduiding.wandelenDapperbuurt</r:identificatie>
                     <r:activiteitregelkwalificatie>http://standaarden.omgevingswet.overheid.nl/activiteitregelkwalificatie/id/concept/Verbod</r:activiteitregelkwalificatie>
                     <r:locatieaanduiding>
                        <l:LocatieRef xlink:href="nl.imow-gm0363.gebiedengroep.Dapperbuurt"/>
                     </r:locatieaanduiding>
                  </r:ActiviteitLocatieaanduiding></r:activiteitaanduiding></r:RegelVoorIedereen></ow-dc:owObject>
      </sl:stand>
      <!--<sl:stand><ow-dc:owObject><r:RegelVoorIedereen><r:identificatie>nl.imow-gm0363.juridischeregel.gm03631chp3art31</r:identificatie><r:idealisatie>http://standaarden.omgevingswet.overheid.nl/idealisatie/id/concept/Exact</r:idealisatie><r:artikelOfLid><r:RegeltekstRef xlink:href="nl.imow-gm0363.regeltekst.gm03631chp3art31"/></r:artikelOfLid><r:locatieaanduiding><l:LocatieRef xlink:href="nl.imow-gm0363.gebiedengroep.GrachtengordelWest"/></r:locatieaanduiding><r:gebiedsaanwijzing><ga:GebiedsaanwijzingRef xlink:href="nl.imow-gm0363.gebiedsaanwijzing.GrachtengordelWest"/></r:gebiedsaanwijzing></r:RegelVoorIedereen></ow-dc:owObject></sl:stand>-->
      <!--<sl:stand><ow-dc:owObject><r:RegelVoorIedereen><r:identificatie>nl.imow-gm0363.juridischeregel.gm03631chp3art32</r:identificatie><r:idealisatie>http://standaarden.omgevingswet.overheid.nl/idealisatie/id/concept/Exact</r:idealisatie><r:artikelOfLid><r:RegeltekstRef xlink:href="nl.imow-gm0363.regeltekst.gm03631chp3art32"/></r:artikelOfLid><r:locatieaanduiding><l:LocatieRef xlink:href="nl.imow-gm0363.gebiedengroep.GrachtengordelZuid"/></r:locatieaanduiding><r:gebiedsaanwijzing><ga:GebiedsaanwijzingRef xlink:href="nl.imow-gm0363.gebiedsaanwijzing.GrachtengordelZuid"/></r:gebiedsaanwijzing></r:RegelVoorIedereen></ow-dc:owObject></sl:stand>-->
      <!--<sl:stand><ow-dc:owObject><r:RegelVoorIedereen><r:identificatie>nl.imow-gm0363.juridischeregel.gm03631chp3art33</r:identificatie><r:idealisatie>http://standaarden.omgevingswet.overheid.nl/idealisatie/id/concept/Exact</r:idealisatie><r:artikelOfLid><r:RegeltekstRef xlink:href="nl.imow-gm0363.regeltekst.gm03631chp3art33"/></r:artikelOfLid><r:locatieaanduiding><l:LocatieRef xlink:href="nl.imow-gm0363.gebiedengroep.Haarlemmerbuurt"/></r:locatieaanduiding><r:gebiedsaanwijzing><ga:GebiedsaanwijzingRef xlink:href="nl.imow-gm0363.gebiedsaanwijzing.Haarlemmerbuurt"/></r:gebiedsaanwijzing></r:RegelVoorIedereen></ow-dc:owObject></sl:stand>-->
      <!--<sl:stand><ow-dc:owObject><r:RegelVoorIedereen><r:identificatie>nl.imow-gm0363.juridischeregel.gm03631chp3art34</r:identificatie><r:idealisatie>http://standaarden.omgevingswet.overheid.nl/idealisatie/id/concept/Exact</r:idealisatie><r:artikelOfLid><r:RegeltekstRef xlink:href="nl.imow-gm0363.regeltekst.gm03631chp3art34"/></r:artikelOfLid><r:locatieaanduiding><l:LocatieRef xlink:href="nl.imow-gm0363.ambtsgebied.kadastertest"/></r:locatieaanduiding></r:RegelVoorIedereen></ow-dc:owObject></sl:stand>-->
      <sl:stand>
         <ow-dc:owObject>
            <r:RegelVoorIedereen>
               <r:identificatie>nl.imow-gm0363.juridischeregel.gm03631chp3art35</r:identificatie>
               <r:idealisatie>http://standaarden.omgevingswet.overheid.nl/idealisatie/id/concept/Exact</r:idealisatie>
               <r:artikelOfLid>
                  <r:RegeltekstRef xlink:href="nl.imow-gm0363.regeltekst.gm03631chp3art35"/>
               </r:artikelOfLid>
               <r:locatieaanduiding>
                  <l:LocatieRef xlink:href="nl.imow-gm0363.gebiedengroep.Museumkwartier"/>
               </r:locatieaanduiding>
               <r:gebiedsaanwijzing>
                  <ga:GebiedsaanwijzingRef xlink:href="nl.imow-gm0363.gebiedsaanwijzing.IntrekkenVervangen"/>
               </r:gebiedsaanwijzing>
            </r:RegelVoorIedereen>
         </ow-dc:owObject>
      </sl:stand>
      <sl:stand>
         <ow-dc:owObject>
            <r:RegelVoorIedereen>
               <r:identificatie>nl.imow-gm0363.juridischeregel.gm03631chp3art36</r:identificatie>
               <r:idealisatie>http://standaarden.omgevingswet.overheid.nl/idealisatie/id/concept/Exact</r:idealisatie>
               <r:artikelOfLid>
                  <r:RegeltekstRef xlink:href="nl.imow-gm0363.regeltekst.gm03631chp3art36"/>
               </r:artikelOfLid>
               <r:locatieaanduiding>
                  <l:LocatieRef xlink:href="nl.imow-gm0363.gebiedengroep.BurgwallenOudeZijde"/>
               </r:locatieaanduiding>
            </r:RegelVoorIedereen>
         </ow-dc:owObject>
      </sl:stand>
      <sl:stand>
         <ow-dc:owObject>
            <r:RegelVoorIedereen>
               <r:identificatie>nl.imow-gm0363.juridischeregel.gm03631chp3art37</r:identificatie>
               <r:idealisatie>http://standaarden.omgevingswet.overheid.nl/idealisatie/id/concept/Exact</r:idealisatie>
               <r:artikelOfLid>
                  <r:RegeltekstRef xlink:href="nl.imow-gm0363.regeltekst.gm03631chp3art37"/>
               </r:artikelOfLid>
               <r:locatieaanduiding>
                  <l:LocatieRef xlink:href="nl.imow-gm0363.gebiedengroep.Dapperbuurt"/>
               </r:locatieaanduiding>
               <r:gebiedsaanwijzing>
                  <ga:GebiedsaanwijzingRef xlink:href="nl.imow-gm0363.gebiedsaanwijzing.Herleven"/>
               </r:gebiedsaanwijzing>
            </r:RegelVoorIedereen>
         </ow-dc:owObject>
      </sl:stand>
      <!--<sl:stand><ow-dc:owObject><r:RegelVoorIedereen><r:identificatie>nl.imow-gm0363.juridischeregel.gm03631chp4art41</r:identificatie><r:idealisatie>http://standaarden.omgevingswet.overheid.nl/idealisatie/id/concept/Exact</r:idealisatie><r:artikelOfLid><r:RegeltekstRef xlink:href="nl.imow-gm0363.regeltekst.gm03631chp4art41"/></r:artikelOfLid><r:locatieaanduiding><l:LocatieRef xlink:href="nl.imow-gm0363.ambtsgebied.kadastertest"/></r:locatieaanduiding><r:omgevingsnormaanduiding><rol:OmgevingsnormRef xlink:href="nl.imow-gm0363.omgevingsnorm.Bouwhoogte"/></r:omgevingsnormaanduiding></r:RegelVoorIedereen></ow-dc:owObject></sl:stand>-->
      <!--<sl:stand><ow-dc:owObject><r:RegelVoorIedereen><r:identificatie>nl.imow-gm0363.juridischeregel.gm03631chp4art42</r:identificatie><r:idealisatie>http://standaarden.omgevingswet.overheid.nl/idealisatie/id/concept/Exact</r:idealisatie><r:artikelOfLid><r:RegeltekstRef xlink:href="nl.imow-gm0363.regeltekst.gm03631chp4art42"/></r:artikelOfLid><r:locatieaanduiding><l:LocatieRef xlink:href="nl.imow-gm0363.ambtsgebied.kadastertest"/></r:locatieaanduiding><r:omgevingsnormaanduiding><rol:OmgevingsnormRef xlink:href="nl.imow-gm0363.omgevingsnorm.Goothoogte"/></r:omgevingsnormaanduiding></r:RegelVoorIedereen></ow-dc:owObject></sl:stand>-->
      <!--<sl:stand><ow-dc:owObject><r:RegelVoorIedereen><r:identificatie>nl.imow-gm0363.juridischeregel.gm03631chp4art43</r:identificatie><r:idealisatie>http://standaarden.omgevingswet.overheid.nl/idealisatie/id/concept/Exact</r:idealisatie><r:artikelOfLid><r:RegeltekstRef xlink:href="nl.imow-gm0363.regeltekst.gm03631chp4art43"/></r:artikelOfLid><r:locatieaanduiding><l:LocatieRef xlink:href="nl.imow-gm0363.ambtsgebied.kadastertest"/></r:locatieaanduiding><r:omgevingsnormaanduiding><rol:OmgevingsnormRef xlink:href="nl.imow-gm0363.omgevingsnorm.Geluidsnorm"/></r:omgevingsnormaanduiding></r:RegelVoorIedereen></ow-dc:owObject></sl:stand>-->
      <!--<sl:stand><ow-dc:owObject><r:RegelVoorIedereen><r:identificatie>nl.imow-gm0363.juridischeregel.gm03631chp4art44</r:identificatie><r:idealisatie>http://standaarden.omgevingswet.overheid.nl/idealisatie/id/concept/Exact</r:idealisatie><r:artikelOfLid><r:RegeltekstRef xlink:href="nl.imow-gm0363.regeltekst.gm03631chp4art44"/></r:artikelOfLid><r:locatieaanduiding><l:LocatieRef xlink:href="nl.imow-gm0363.ambtsgebied.kadastertest"/></r:locatieaanduiding></r:RegelVoorIedereen></ow-dc:owObject></sl:stand>-->
      <!--<sl:stand><ow-dc:owObject><r:RegelVoorIedereen><r:identificatie>nl.imow-gm0363.juridischeregel.gm03631chp4art45</r:identificatie><r:idealisatie>http://standaarden.omgevingswet.overheid.nl/idealisatie/id/concept/Exact</r:idealisatie><r:artikelOfLid><r:RegeltekstRef xlink:href="nl.imow-gm0363.regeltekst.gm03631chp4art45"/></r:artikelOfLid><r:locatieaanduiding><l:LocatieRef xlink:href="nl.imow-gm0363.ambtsgebied.kadastertest"/></r:locatieaanduiding><r:omgevingsnormaanduiding><rol:OmgevingsnormRef xlink:href="nl.imow-gm0363.omgevingsnorm.IntrekkenVervangen"/></r:omgevingsnormaanduiding></r:RegelVoorIedereen></ow-dc:owObject></sl:stand>-->
      <!--<sl:stand><ow-dc:owObject><r:RegelVoorIedereen><r:identificatie>nl.imow-gm0363.juridischeregel.gm03631chp5art51</r:identificatie><r:idealisatie>http://standaarden.omgevingswet.overheid.nl/idealisatie/id/concept/Exact</r:idealisatie><r:artikelOfLid><r:RegeltekstRef xlink:href="nl.imow-gm0363.regeltekst.gm03631chp5art51"/></r:artikelOfLid><r:locatieaanduiding><l:LocatieRef xlink:href="nl.imow-gm0363.gebiedengroep.Staatsliedenbuurt"/></r:locatieaanduiding></r:RegelVoorIedereen></ow-dc:owObject></sl:stand>
      <sl:stand><ow-dc:owObject><r:RegelVoorIedereen><r:identificatie>nl.imow-gm0363.juridischeregel.gm03631chp5art52</r:identificatie><r:idealisatie>http://standaarden.omgevingswet.overheid.nl/idealisatie/id/concept/Exact</r:idealisatie><r:artikelOfLid><r:RegeltekstRef xlink:href="nl.imow-gm0363.regeltekst.gm03631chp5art52"/></r:artikelOfLid><r:locatieaanduiding><l:LocatieRef xlink:href="nl.imow-gm0363.gebiedengroep.GrachtengordelZuid"/></r:locatieaanduiding></r:RegelVoorIedereen></ow-dc:owObject></sl:stand>
      <sl:stand><ow-dc:owObject><r:RegelVoorIedereen><r:identificatie>nl.imow-gm0363.juridischeregel.gm03631chp5art53</r:identificatie><r:idealisatie>http://standaarden.omgevingswet.overheid.nl/idealisatie/id/concept/Exact</r:idealisatie><r:artikelOfLid><r:RegeltekstRef xlink:href="nl.imow-gm0363.regeltekst.gm03631chp5art53"/></r:artikelOfLid><r:locatieaanduiding><l:LocatieRef xlink:href="nl.imow-gm0363.gebiedengroep.Haarlemmerbuurt"/></r:locatieaanduiding></r:RegelVoorIedereen></ow-dc:owObject></sl:stand>
      <sl:stand><ow-dc:owObject><r:RegelVoorIedereen><r:identificatie>nl.imow-gm0363.juridischeregel.gm03631chp5art54</r:identificatie><r:idealisatie>http://standaarden.omgevingswet.overheid.nl/idealisatie/id/concept/Exact</r:idealisatie><r:artikelOfLid><r:RegeltekstRef xlink:href="nl.imow-gm0363.regeltekst.gm03631chp5art54"/></r:artikelOfLid><r:locatieaanduiding><l:LocatieRef xlink:href="nl.imow-gm0363.gebiedengroep.Vondelbuurt"/></r:locatieaanduiding></r:RegelVoorIedereen></ow-dc:owObject></sl:stand>
      --><sl:stand><ow-dc:owObject><r:RegelVoorIedereen><r:identificatie>nl.imow-gm0363.juridischeregel.gm03631chp5art55</r:identificatie><r:idealisatie>http://standaarden.omgevingswet.overheid.nl/idealisatie/id/concept/Exact</r:idealisatie><r:artikelOfLid><r:RegeltekstRef xlink:href="nl.imow-gm0363.regeltekst.gm03631chp5art55"/></r:artikelOfLid><r:locatieaanduiding><l:LocatieRef xlink:href="nl.imow-gm0363.gebiedengroep.Volewijck"/></r:locatieaanduiding></r:RegelVoorIedereen></ow-dc:owObject></sl:stand>
      <!--<sl:stand><ow-dc:owObject><r:RegelVoorIedereen><r:identificatie>nl.imow-gm0363.juridischeregel.gm03631chp5art56</r:identificatie><r:idealisatie>http://standaarden.omgevingswet.overheid.nl/idealisatie/id/concept/Exact</r:idealisatie><r:artikelOfLid><r:RegeltekstRef xlink:href="nl.imow-gm0363.regeltekst.gm03631chp5art56"/></r:artikelOfLid><r:locatieaanduiding><l:LocatieRef xlink:href="nl.imow-gm0363.ambtsgebied.kadastertest"/></r:locatieaanduiding></r:RegelVoorIedereen></ow-dc:owObject></sl:stand>
      <sl:stand><ow-dc:owObject><r:RegelVoorIedereen><r:identificatie>nl.imow-gm0363.juridischeregel.gm03631chp5art57</r:identificatie><r:idealisatie>http://standaarden.omgevingswet.overheid.nl/idealisatie/id/concept/Exact</r:idealisatie><r:artikelOfLid><r:RegeltekstRef xlink:href="nl.imow-gm0363.regeltekst.gm03631chp5art57"/></r:artikelOfLid><r:locatieaanduiding><l:LocatieRef xlink:href="nl.imow-gm0363.gebiedengroep.GrachtengordelZuid"/></r:locatieaanduiding></r:RegelVoorIedereen></ow-dc:owObject></sl:stand>
      <sl:stand><ow-dc:owObject><r:RegelVoorIedereen><r:identificatie>nl.imow-gm0363.juridischeregel.gm03631chp5art58</r:identificatie><r:idealisatie>http://standaarden.omgevingswet.overheid.nl/idealisatie/id/concept/Exact</r:idealisatie><r:artikelOfLid><r:RegeltekstRef xlink:href="nl.imow-gm0363.regeltekst.gm03631chp5art58"/></r:artikelOfLid><r:locatieaanduiding><l:LocatieRef xlink:href="nl.imow-gm0363.ambtsgebied.kadastertest"/></r:locatieaanduiding></r:RegelVoorIedereen></ow-dc:owObject></sl:stand>
      <sl:stand><ow-dc:owObject><r:RegelVoorIedereen><r:identificatie>nl.imow-gm0363.juridischeregel.gm03631chp5art59</r:identificatie><r:idealisatie>http://standaarden.omgevingswet.overheid.nl/idealisatie/id/concept/Exact</r:idealisatie><r:artikelOfLid><r:RegeltekstRef xlink:href="nl.imow-gm0363.regeltekst.gm03631chp5art59"/></r:artikelOfLid><r:locatieaanduiding><l:LocatieRef xlink:href="nl.imow-gm0363.gebiedengroep.Vondelbuurt"/></r:locatieaanduiding></r:RegelVoorIedereen></ow-dc:owObject></sl:stand>
      --><sl:stand><ow-dc:owObject><r:RegelVoorIedereen><r:identificatie>nl.imow-gm0363.juridischeregel.gm03631chp5art510</r:identificatie><r:idealisatie>http://standaarden.omgevingswet.overheid.nl/idealisatie/id/concept/Exact</r:idealisatie><r:artikelOfLid><r:RegeltekstRef xlink:href="nl.imow-gm0363.regeltekst.gm03631chp5art510"/></r:artikelOfLid><r:locatieaanduiding><l:LocatieRef xlink:href="nl.imow-gm0363.gebied.Volewijck"/></r:locatieaanduiding></r:RegelVoorIedereen></ow-dc:owObject></sl:stand>
      <!--<sl:stand><ow-dc:owObject><r:RegelVoorIedereen><r:identificatie>nl.imow-gm0363.juridischeregel.gm03631chp5art511</r:identificatie><r:idealisatie>http://standaarden.omgevingswet.overheid.nl/idealisatie/id/concept/Exact</r:idealisatie><r:artikelOfLid><r:RegeltekstRef xlink:href="nl.imow-gm0363.regeltekst.gm03631chp5art511"/></r:artikelOfLid><r:locatieaanduiding><l:LocatieRef xlink:href="nl.imow-gm0363.lijnengroep.Lijn1"/></r:locatieaanduiding></r:RegelVoorIedereen></ow-dc:owObject></sl:stand>
      <sl:stand><ow-dc:owObject><r:RegelVoorIedereen><r:identificatie>nl.imow-gm0363.juridischeregel.gm03631chp5art512</r:identificatie><r:idealisatie>http://standaarden.omgevingswet.overheid.nl/idealisatie/id/concept/Exact</r:idealisatie><r:artikelOfLid><r:RegeltekstRef xlink:href="nl.imow-gm0363.regeltekst.gm03631chp5art512"/></r:artikelOfLid><r:locatieaanduiding><l:LocatieRef xlink:href="nl.imow-gm0363.lijnengroep.TweeLijnen"/></r:locatieaanduiding></r:RegelVoorIedereen></ow-dc:owObject></sl:stand>
      <sl:stand><ow-dc:owObject><r:RegelVoorIedereen><r:identificatie>nl.imow-gm0363.juridischeregel.gm03631chp5art513</r:identificatie><r:idealisatie>http://standaarden.omgevingswet.overheid.nl/idealisatie/id/concept/Exact</r:idealisatie><r:artikelOfLid><r:RegeltekstRef xlink:href="nl.imow-gm0363.regeltekst.gm03631chp5art513"/></r:artikelOfLid><r:locatieaanduiding><l:LocatieRef xlink:href="nl.imow-gm0363.lijnengroep.MultiLijn"/></r:locatieaanduiding></r:RegelVoorIedereen></ow-dc:owObject></sl:stand>
      <sl:stand><ow-dc:owObject><r:RegelVoorIedereen><r:identificatie>nl.imow-gm0363.juridischeregel.gm03631chp5art514</r:identificatie><r:idealisatie>http://standaarden.omgevingswet.overheid.nl/idealisatie/id/concept/Exact</r:idealisatie><r:artikelOfLid><r:RegeltekstRef xlink:href="nl.imow-gm0363.regeltekst.gm03631chp5art514"/></r:artikelOfLid><r:locatieaanduiding><l:LocatieRef xlink:href="nl.imow-gm0363.lijnengroep.Verdwlijn"/></r:locatieaanduiding></r:RegelVoorIedereen></ow-dc:owObject></sl:stand>
      <sl:stand><ow-dc:owObject><r:RegelVoorIedereen><r:identificatie>nl.imow-gm0363.juridischeregel.gm03631chp5art515</r:identificatie><r:idealisatie>http://standaarden.omgevingswet.overheid.nl/idealisatie/id/concept/Exact</r:idealisatie><r:artikelOfLid><r:RegeltekstRef xlink:href="nl.imow-gm0363.regeltekst.gm03631chp5art515"/></r:artikelOfLid><r:locatieaanduiding><l:LocatieRef xlink:href="nl.imow-gm0363.lijnengroep.LijnIntrVerv"/></r:locatieaanduiding></r:RegelVoorIedereen></ow-dc:owObject></sl:stand>
      <sl:stand><ow-dc:owObject><r:RegelVoorIedereen><r:identificatie>nl.imow-gm0363.juridischeregel.gm03631chp5art516</r:identificatie><r:idealisatie>http://standaarden.omgevingswet.overheid.nl/idealisatie/id/concept/Exact</r:idealisatie><r:artikelOfLid><r:RegeltekstRef xlink:href="nl.imow-gm0363.regeltekst.gm03631chp5art516"/></r:artikelOfLid><r:locatieaanduiding><l:LocatieRef xlink:href="nl.imow-gm0363.lijn.Lijn1"/></r:locatieaanduiding></r:RegelVoorIedereen></ow-dc:owObject></sl:stand>
      <sl:stand><ow-dc:owObject><r:RegelVoorIedereen><r:identificatie>nl.imow-gm0363.juridischeregel.gm03631chp5art517</r:identificatie><r:idealisatie>http://standaarden.omgevingswet.overheid.nl/idealisatie/id/concept/Exact</r:idealisatie><r:artikelOfLid><r:RegeltekstRef xlink:href="nl.imow-gm0363.regeltekst.gm03631chp5art517"/></r:artikelOfLid><r:locatieaanduiding><l:LocatieRef xlink:href="nl.imow-gm0363.lijn.TweeLijnen"/></r:locatieaanduiding></r:RegelVoorIedereen></ow-dc:owObject></sl:stand>
      <sl:stand><ow-dc:owObject><r:RegelVoorIedereen><r:identificatie>nl.imow-gm0363.juridischeregel.gm03631chp5art518</r:identificatie><r:idealisatie>http://standaarden.omgevingswet.overheid.nl/idealisatie/id/concept/Exact</r:idealisatie><r:artikelOfLid><r:RegeltekstRef xlink:href="nl.imow-gm0363.regeltekst.gm03631chp5art518"/></r:artikelOfLid><r:locatieaanduiding><l:LocatieRef xlink:href="nl.imow-gm0363.lijn.MultiLijn"/></r:locatieaanduiding></r:RegelVoorIedereen></ow-dc:owObject></sl:stand>
      <sl:stand><ow-dc:owObject><r:RegelVoorIedereen><r:identificatie>nl.imow-gm0363.juridischeregel.gm03631chp5art519</r:identificatie><r:idealisatie>http://standaarden.omgevingswet.overheid.nl/idealisatie/id/concept/Exact</r:idealisatie><r:artikelOfLid><r:RegeltekstRef xlink:href="nl.imow-gm0363.regeltekst.gm03631chp5art519"/></r:artikelOfLid><r:locatieaanduiding><l:LocatieRef xlink:href="nl.imow-gm0363.lijn.Verdwlijn"/></r:locatieaanduiding></r:RegelVoorIedereen></ow-dc:owObject></sl:stand>
      <sl:stand><ow-dc:owObject><r:RegelVoorIedereen><r:identificatie>nl.imow-gm0363.juridischeregel.gm03631chp5art520</r:identificatie><r:idealisatie>http://standaarden.omgevingswet.overheid.nl/idealisatie/id/concept/Exact</r:idealisatie><r:artikelOfLid><r:RegeltekstRef xlink:href="nl.imow-gm0363.regeltekst.gm03631chp5art520"/></r:artikelOfLid><r:locatieaanduiding><l:LocatieRef xlink:href="nl.imow-gm0363.lijn.LijnIntrVerv"/></r:locatieaanduiding></r:RegelVoorIedereen></ow-dc:owObject></sl:stand>
      <sl:stand><ow-dc:owObject><r:RegelVoorIedereen><r:identificatie>nl.imow-gm0363.juridischeregel.gm03631chp5art521</r:identificatie><r:idealisatie>http://standaarden.omgevingswet.overheid.nl/idealisatie/id/concept/Exact</r:idealisatie><r:artikelOfLid><r:RegeltekstRef xlink:href="nl.imow-gm0363.regeltekst.gm03631chp5art521"/></r:artikelOfLid><r:locatieaanduiding><l:LocatieRef xlink:href="nl.imow-gm0363.puntengroep.PuntengroepOngewijzigd"/></r:locatieaanduiding></r:RegelVoorIedereen></ow-dc:owObject></sl:stand>
      <sl:stand><ow-dc:owObject><r:RegelVoorIedereen><r:identificatie>nl.imow-gm0363.juridischeregel.gm03631chp5art522</r:identificatie><r:idealisatie>http://standaarden.omgevingswet.overheid.nl/idealisatie/id/concept/Exact</r:idealisatie><r:artikelOfLid><r:RegeltekstRef xlink:href="nl.imow-gm0363.regeltekst.gm03631chp5art522"/></r:artikelOfLid><r:locatieaanduiding><l:LocatieRef xlink:href="nl.imow-gm0363.puntengroep.PuntengroepNaamWijziging"/></r:locatieaanduiding></r:RegelVoorIedereen></ow-dc:owObject></sl:stand>
      <sl:stand><ow-dc:owObject><r:RegelVoorIedereen><r:identificatie>nl.imow-gm0363.juridischeregel.gm03631chp5art523</r:identificatie><r:idealisatie>http://standaarden.omgevingswet.overheid.nl/idealisatie/id/concept/Exact</r:idealisatie><r:artikelOfLid><r:RegeltekstRef xlink:href="nl.imow-gm0363.regeltekst.gm03631chp5art523"/></r:artikelOfLid><r:locatieaanduiding><l:LocatieRef xlink:href="nl.imow-gm0363.puntengroep.PuntengroepLocatieWijziging"/></r:locatieaanduiding></r:RegelVoorIedereen></ow-dc:owObject></sl:stand>
      <sl:stand><ow-dc:owObject><r:RegelVoorIedereen><r:identificatie>nl.imow-gm0363.juridischeregel.gm03631chp5art524</r:identificatie><r:idealisatie>http://standaarden.omgevingswet.overheid.nl/idealisatie/id/concept/Exact</r:idealisatie><r:artikelOfLid><r:RegeltekstRef xlink:href="nl.imow-gm0363.regeltekst.gm03631chp5art524"/></r:artikelOfLid><r:locatieaanduiding><l:LocatieRef xlink:href="nl.imow-gm0363.puntengroep.PuntengroepBeeindiging"/></r:locatieaanduiding></r:RegelVoorIedereen></ow-dc:owObject></sl:stand>
      <sl:stand><ow-dc:owObject><r:RegelVoorIedereen><r:identificatie>nl.imow-gm0363.juridischeregel.gm03631chp5art525</r:identificatie><r:idealisatie>http://standaarden.omgevingswet.overheid.nl/idealisatie/id/concept/Exact</r:idealisatie><r:artikelOfLid><r:RegeltekstRef xlink:href="nl.imow-gm0363.regeltekst.gm03631chp5art525"/></r:artikelOfLid><r:locatieaanduiding><l:LocatieRef xlink:href="nl.imow-gm0363.puntengroep.PuntengroepIntrekkenVervangen"/></r:locatieaanduiding></r:RegelVoorIedereen></ow-dc:owObject></sl:stand>
      <sl:stand><ow-dc:owObject><r:RegelVoorIedereen><r:identificatie>nl.imow-gm0363.juridischeregel.gm03631chp5art526</r:identificatie><r:idealisatie>http://standaarden.omgevingswet.overheid.nl/idealisatie/id/concept/Exact</r:idealisatie><r:artikelOfLid><r:RegeltekstRef xlink:href="nl.imow-gm0363.regeltekst.gm03631chp5art526"/></r:artikelOfLid><r:locatieaanduiding><l:LocatieRef xlink:href="nl.imow-gm0363.punt.PuntOngewijzigd"/></r:locatieaanduiding></r:RegelVoorIedereen></ow-dc:owObject></sl:stand>
      <sl:stand><ow-dc:owObject><r:RegelVoorIedereen><r:identificatie>nl.imow-gm0363.juridischeregel.gm03631chp5art527</r:identificatie><r:idealisatie>http://standaarden.omgevingswet.overheid.nl/idealisatie/id/concept/Exact</r:idealisatie><r:artikelOfLid><r:RegeltekstRef xlink:href="nl.imow-gm0363.regeltekst.gm03631chp5art527"/></r:artikelOfLid><r:locatieaanduiding><l:LocatieRef xlink:href="nl.imow-gm0363.punt.PuntNaamWijziging"/></r:locatieaanduiding></r:RegelVoorIedereen></ow-dc:owObject></sl:stand>
      <sl:stand><ow-dc:owObject><r:RegelVoorIedereen><r:identificatie>nl.imow-gm0363.juridischeregel.gm03631chp5art528</r:identificatie><r:idealisatie>http://standaarden.omgevingswet.overheid.nl/idealisatie/id/concept/Exact</r:idealisatie><r:artikelOfLid><r:RegeltekstRef xlink:href="nl.imow-gm0363.regeltekst.gm03631chp5art528"/></r:artikelOfLid><r:locatieaanduiding><l:LocatieRef xlink:href="nl.imow-gm0363.punt.PuntLocatieWijziging"/></r:locatieaanduiding></r:RegelVoorIedereen></ow-dc:owObject></sl:stand>
      <sl:stand><ow-dc:owObject><r:RegelVoorIedereen><r:identificatie>nl.imow-gm0363.juridischeregel.gm03631chp5art529</r:identificatie><r:idealisatie>http://standaarden.omgevingswet.overheid.nl/idealisatie/id/concept/Exact</r:idealisatie><r:artikelOfLid><r:RegeltekstRef xlink:href="nl.imow-gm0363.regeltekst.gm03631chp5art529"/></r:artikelOfLid><r:locatieaanduiding><l:LocatieRef xlink:href="nl.imow-gm0363.punt.PuntBeeindiging"/></r:locatieaanduiding></r:RegelVoorIedereen></ow-dc:owObject></sl:stand>
      <sl:stand><ow-dc:owObject><r:RegelVoorIedereen><r:identificatie>nl.imow-gm0363.juridischeregel.gm03631chp5art530</r:identificatie><r:idealisatie>http://standaarden.omgevingswet.overheid.nl/idealisatie/id/concept/Exact</r:idealisatie><r:artikelOfLid><r:RegeltekstRef xlink:href="nl.imow-gm0363.regeltekst.gm03631chp5art530"/></r:artikelOfLid><r:locatieaanduiding><l:LocatieRef xlink:href="nl.imow-gm0363.punt.PuntIntrekkenVervangen"/></r:locatieaanduiding></r:RegelVoorIedereen></ow-dc:owObject></sl:stand>
<!-\-      <sl:stand><ow-dc:owObject><r:Instructieregel><r:identificatie>nl.imow-gm0363.juridischeregel.gm03631chp6art61</r:identificatie><r:idealisatie>http://standaarden.omgevingswet.overheid.nl/idealisatie/id/concept/Exact</r:idealisatie><r:artikelOfLid><r:RegeltekstRef xlink:href="nl.imow-gm0363.regeltekst.gm03631chp6art61"/></r:artikelOfLid><r:locatieaanduiding><l:LocatieRef xlink:href="nl.imow-gm0363.ambtsgebied.kadastertest"/></r:locatieaanduiding><r:instructieregelTaakuitoefening>http://standaarden.omgevingswet.overheid.nl/adressaat/id/concept/Korpschef</r:instructieregelTaakuitoefening></r:Instructieregel></ow-dc:owObject></sl:stand>
      <sl:stand><ow-dc:owObject><r:Instructieregel><r:identificatie>nl.imow-gm0363.juridischeregel.gm03631chp6art62</r:identificatie><r:idealisatie>http://standaarden.omgevingswet.overheid.nl/idealisatie/id/concept/Exact</r:idealisatie><r:artikelOfLid><r:RegeltekstRef xlink:href="nl.imow-gm0363.regeltekst.gm03631chp6art62"/></r:artikelOfLid><r:locatieaanduiding><l:LocatieRef xlink:href="nl.imow-gm0363.ambtsgebied.kadastertest"/></r:locatieaanduiding><r:instructieregelTaakuitoefening>http://standaarden.omgevingswet.overheid.nl/adressaat/id/concept/Korpschef</r:instructieregelTaakuitoefening></r:Instructieregel></ow-dc:owObject></sl:stand>
      <sl:stand><ow-dc:owObject><r:Instructieregel><r:identificatie>nl.imow-gm0363.juridischeregel.gm03631chp6art63</r:identificatie><r:idealisatie>http://standaarden.omgevingswet.overheid.nl/idealisatie/id/concept/Exact</r:idealisatie><r:artikelOfLid><r:RegeltekstRef xlink:href="nl.imow-gm0363.regeltekst.gm03631chp6art63"/></r:artikelOfLid><r:locatieaanduiding><l:LocatieRef xlink:href="nl.imow-gm0363.ambtsgebied.kadastertest"/></r:locatieaanduiding><r:instructieregelTaakuitoefening>http://standaarden.omgevingswet.overheid.nl/adressaat/id/concept/Korpschef</r:instructieregelTaakuitoefening></r:Instructieregel></ow-dc:owObject></sl:stand>
      <sl:stand><ow-dc:owObject><r:Instructieregel><r:identificatie>nl.imow-gm0363.juridischeregel.gm03631chp6art64</r:identificatie><r:idealisatie>http://standaarden.omgevingswet.overheid.nl/idealisatie/id/concept/Exact</r:idealisatie><r:artikelOfLid><r:RegeltekstRef xlink:href="nl.imow-gm0363.regeltekst.gm03631chp6art64"/></r:artikelOfLid><r:locatieaanduiding><l:LocatieRef xlink:href="nl.imow-gm0363.ambtsgebied.kadastertest"/></r:locatieaanduiding><r:instructieregelTaakuitoefening>http://standaarden.omgevingswet.overheid.nl/adressaat/id/concept/Korpschef</r:instructieregelTaakuitoefening></r:Instructieregel></ow-dc:owObject></sl:stand>
      <sl:stand><ow-dc:owObject><r:Instructieregel><r:identificatie>nl.imow-gm0363.juridischeregel.gm03631chp6art65</r:identificatie><r:idealisatie>http://standaarden.omgevingswet.overheid.nl/idealisatie/id/concept/Exact</r:idealisatie><r:artikelOfLid><r:RegeltekstRef xlink:href="nl.imow-gm0363.regeltekst.gm03631chp6art65"/></r:artikelOfLid><r:locatieaanduiding><l:LocatieRef xlink:href="nl.imow-gm0363.ambtsgebied.kadastertest"/></r:locatieaanduiding><r:instructieregelTaakuitoefening>http://standaarden.omgevingswet.overheid.nl/adressaat/id/concept/Korpschef</r:instructieregelTaakuitoefening></r:Instructieregel></ow-dc:owObject></sl:stand>-\->-->
      <!--<sl:stand><ow-dc:owObject><r:RegelVoorIedereen><r:identificatie>nl.imow-gm0363.juridischeregel.gm03631chp7art71</r:identificatie><r:idealisatie>http://standaarden.omgevingswet.overheid.nl/idealisatie/id/concept/Exact</r:idealisatie><r:artikelOfLid><r:RegeltekstRef xlink:href="nl.imow-gm0363.regeltekst.gm03631chp7art71"/></r:artikelOfLid><r:thema>http://standaarden.omgevingswet.overheid.nl/thema/id/concept/Gezondheid</r:thema><r:locatieaanduiding><l:LocatieRef xlink:href="nl.imow-gm0363.ambtsgebied.kadastertest"/></r:locatieaanduiding><r:activiteitaanduiding><rol:ActiviteitRef xlink:href="nl.imow-gm0363.activiteit.ActInOmgevingsplanGem2"/><r:ActiviteitLocatieaanduiding><r:identificatie>nl.imow-gm0363.activiteitlocatieaanduiding.workaroundbovenliggende</r:identificatie><r:activiteitregelkwalificatie>http://standaarden.omgevingswet.overheid.nl/activiteitregelkwalificatie/id/concept/Toegestaan</r:activiteitregelkwalificatie><r:locatieaanduiding><l:LocatieRef xlink:href="nl.imow-gm0363.ambtsgebied.kadastertest"/></r:locatieaanduiding></r:ActiviteitLocatieaanduiding></r:activiteitaanduiding></r:RegelVoorIedereen></ow-dc:owObject></sl:stand>
      <sl:stand><ow-dc:owObject><r:RegelVoorIedereen><r:identificatie>nl.imow-gm0363.juridischeregel.gm03631chp7art72</r:identificatie><r:idealisatie>http://standaarden.omgevingswet.overheid.nl/idealisatie/id/concept/Exact</r:idealisatie><r:artikelOfLid><r:RegeltekstRef xlink:href="nl.imow-gm0363.regeltekst.gm03631chp7art72"/></r:artikelOfLid><r:thema>http://standaarden.omgevingswet.overheid.nl/thema/id/concept/Lucht</r:thema><r:thema>http://standaarden.omgevingswet.overheid.nl/thema/id/concept/Natuur</r:thema><r:locatieaanduiding><l:LocatieRef xlink:href="nl.imow-gm0363.ambtsgebied.kadastertest"/></r:locatieaanduiding></r:RegelVoorIedereen></ow-dc:owObject></sl:stand>
      <sl:stand><ow-dc:owObject><r:RegelVoorIedereen><r:identificatie>nl.imow-gm0363.juridischeregel.gm03631chp7art73</r:identificatie><r:idealisatie>http://standaarden.omgevingswet.overheid.nl/idealisatie/id/concept/Exact</r:idealisatie><r:artikelOfLid><r:RegeltekstRef xlink:href="nl.imow-gm0363.regeltekst.gm03631chp7art73"/></r:artikelOfLid><r:thema>http://standaarden.omgevingswet.overheid.nl/thema/id/concept/ExterneVeiligheid</r:thema><r:locatieaanduiding><l:LocatieRef xlink:href="nl.imow-gm0363.ambtsgebied.kadastertest"/></r:locatieaanduiding></r:RegelVoorIedereen></ow-dc:owObject></sl:stand>-->
      <!--<sl:stand><ow-dc:owObject><r:Omgevingswaarderegel><r:identificatie>nl.imow-gm0363.juridischeregel.gm03631chp8art81</r:identificatie><r:idealisatie>http://standaarden.omgevingswet.overheid.nl/idealisatie/id/concept/Exact</r:idealisatie><r:artikelOfLid><r:RegeltekstRef xlink:href="nl.imow-gm0363.regeltekst.gm03631chp8art81"/></r:artikelOfLid><r:locatieaanduiding><l:LocatieRef xlink:href="nl.imow-gm0363.ambtsgebied.kadastertest"/></r:locatieaanduiding><r:omgevingswaardeaanduiding><rol:OmgevingswaardeRef xlink:href="nl.imow-gm0363.omgevingswaarde.Overstromingskans1op100"/></r:omgevingswaardeaanduiding></r:Omgevingswaarderegel></ow-dc:owObject></sl:stand>
      <sl:stand><ow-dc:owObject><r:Omgevingswaarderegel><r:identificatie>nl.imow-gm0363.juridischeregel.gm03631chp8art82</r:identificatie><r:idealisatie>http://standaarden.omgevingswet.overheid.nl/idealisatie/id/concept/Exact</r:idealisatie><r:artikelOfLid><r:RegeltekstRef xlink:href="nl.imow-gm0363.regeltekst.gm03631chp8art82"/></r:artikelOfLid><r:locatieaanduiding><l:LocatieRef xlink:href="nl.imow-gm0363.ambtsgebied.kadastertest"/></r:locatieaanduiding><r:omgevingswaardeaanduiding><rol:OmgevingswaardeRef xlink:href="nl.imow-gm0363.omgevingswaarde.Overstromingskans1op200"/></r:omgevingswaardeaanduiding></r:Omgevingswaarderegel></ow-dc:owObject></sl:stand>
      <sl:stand><ow-dc:owObject><r:Omgevingswaarderegel><r:identificatie>nl.imow-gm0363.juridischeregel.gm03631chp8art83</r:identificatie><r:idealisatie>http://standaarden.omgevingswet.overheid.nl/idealisatie/id/concept/Exact</r:idealisatie><r:artikelOfLid><r:RegeltekstRef xlink:href="nl.imow-gm0363.regeltekst.gm03631chp8art83"/></r:artikelOfLid><r:locatieaanduiding><l:LocatieRef xlink:href="nl.imow-gm0363.ambtsgebied.kadastertest"/></r:locatieaanduiding><r:omgevingswaardeaanduiding><rol:OmgevingswaardeRef xlink:href="nl.imow-gm0363.omgevingswaarde.Overstromingskans1op300"/></r:omgevingswaardeaanduiding></r:Omgevingswaarderegel></ow-dc:owObject></sl:stand>-->
      <!--<sl:stand><ow-dc:owObject><r:Omgevingswaarderegel><r:identificatie>nl.imow-gm0363.juridischeregel.gm03631chp8art84</r:identificatie><r:idealisatie>http://standaarden.omgevingswet.overheid.nl/idealisatie/id/concept/Exact</r:idealisatie><r:artikelOfLid><r:RegeltekstRef xlink:href="nl.imow-gm0363.regeltekst.gm03631chp8art84"/></r:artikelOfLid><r:locatieaanduiding><l:LocatieRef xlink:href="nl.imow-gm0363.ambtsgebied.kadastertest"/></r:locatieaanduiding></r:Omgevingswaarderegel></ow-dc:owObject></sl:stand>-->
      <!--<sl:stand><ow-dc:owObject><r:Omgevingswaarderegel><r:identificatie>nl.imow-gm0363.juridischeregel.gm03631chp8art85</r:identificatie><r:idealisatie>http://standaarden.omgevingswet.overheid.nl/idealisatie/id/concept/Exact</r:idealisatie><r:artikelOfLid><r:RegeltekstRef xlink:href="nl.imow-gm0363.regeltekst.gm03631chp8art85"/></r:artikelOfLid><r:locatieaanduiding><l:LocatieRef xlink:href="nl.imow-gm0363.ambtsgebied.kadastertest"/></r:locatieaanduiding><r:omgevingswaardeaanduiding><rol:OmgevingswaardeRef xlink:href="nl.imow-gm0363.omgevingswaarde.Overstromingskans1op500"/></r:omgevingswaardeaanduiding></r:Omgevingswaarderegel></ow-dc:owObject></sl:stand>-->
   </sl:standBestand>
</ow-dc:owBestand>
