<?xml version="1.0" encoding="UTF-8"?>
<Aanleveringen xsi:schemaLocation="http://www.geostandaarden.nl/bestanden-ow/manifest-ow https://register.geostandaarden.nl/xmlschema/tpod/v2.0.0/bestanden-ow/generiek/manifest-ow.xsd" xmlns:xsi="http://www.w3.org/2001/XMLSchema-instance" xmlns="http://www.geostandaarden.nl/bestanden-ow/manifest-ow">
  <domein>omgevingswet</domein>
  <Aanlevering>
    <WorkIDRegeling>/akn/nl/act/gm0363/2022/RegelingAmsterdam</WorkIDRegeling>
    <DoelID>/join/id/proces/gm0363/2022/Wijziging</DoelID>
    <Bestand>
      <naam>owActiviteiten.xml</naam>
      <objecttype>Activiteit</objecttype>
    </Bestand>
    <Bestand>
      <naam>owGebiedsaanwijzing.xml</naam>
      <objecttype>Gebiedsaanwijzing</objecttype>
    </Bestand>
    <Bestand>
      <naam>owOmgevingsnormOmgevingswaarde.xml</naam>
      <objecttype>Omgevingsnorm</objecttype>
      <objecttype>Omgevingswaarde</objecttype>
    </Bestand>
    <Bestand>
      <naam>owLocaties.xml</naam>
      <objecttype>Gebiedengroep</objecttype>
      <objecttype>Gebied</objecttype>
      <objecttype>Lijn</objecttype>
      <objecttype>Lijnengroep</objecttype>
      <objecttype>Punt</objecttype>
      <objecttype>Puntengroep</objecttype>
    </Bestand>
    <Bestand>
      <naam>owRegeltekst.xml</naam>
      <objecttype>Regeltekst</objecttype>
      <objecttype>RegelVoorIedereen</objecttype>
      <objecttype>Omgevingswaarderegel</objecttype>
    </Bestand>
  </Aanlevering>
</Aanleveringen>
