<?xml version="1.0" encoding="UTF-8"?><mow:Aanleveringen xmlns:mow="http://www.geostandaarden.nl/bestanden-ow/manifest-ow">
      <mow:domein>omgevingswet</mow:domein>
      <mow:Aanlevering>
	<mow:WorkIDRegeling>/akn/nl/act/gm0363/2022/RegelingAmsterdam</mow:WorkIDRegeling>
	<mow:DoelID>/join/id/proces/gm0363/2022/Wijziging</mow:DoelID>
	<mow:Bestand>
	  <mow:naam>0cf17c3c-65a8-47e9-8702-d16184595246.gml</mow:naam>
	  <mow:objecttype>Geometrie</mow:objecttype>
	</mow:Bestand>
	<mow:Bestand>
	  <mow:naam>cb5dd60d-dc14-4a25-a669-22b35cab6fbc.gml</mow:naam>
	  <mow:objecttype>Geometrie</mow:objecttype>
	</mow:Bestand>
	<mow:Bestand>
	  <mow:naam>0ee230b7-0761-44a8-b0b0-3d34094172e6.gml</mow:naam>
	  <mow:objecttype>Geometrie</mow:objecttype>
	</mow:Bestand>
	<mow:Bestand>
	  <mow:naam>fe049263-ca25-4dd5-8735-437925dbc477.gml</mow:naam>
	  <mow:objecttype>Geometrie</mow:objecttype>
	</mow:Bestand>
	<mow:Bestand>
	  <mow:naam>53f44007-c98d-43a1-9609-9d493f68f9a1.gml</mow:naam>
	  <mow:objecttype>Geometrie</mow:objecttype>
	</mow:Bestand>
	<mow:Bestand>
	  <mow:naam>5f44f937-2234-42ae-b3b1-095f23a824e8.gml</mow:naam>
	  <mow:objecttype>Geometrie</mow:objecttype>
	</mow:Bestand>
	<mow:Bestand>
	  <mow:naam>2b3b3d13-fc58-4632-9066-b94ce840be1b.gml</mow:naam>
	  <mow:objecttype>Geometrie</mow:objecttype>
	</mow:Bestand>
	<mow:Bestand>
	  <mow:naam>e8e3d058-b40b-4a40-a38d-d541d747fc12.gml</mow:naam>
	  <mow:objecttype>Geometrie</mow:objecttype>
	</mow:Bestand>
	<mow:Bestand>
	  <mow:naam>90fb6346-05fa-4e0c-b3d1-8c56cd35922e.gml</mow:naam>
	  <mow:objecttype>Geometrie</mow:objecttype>
	</mow:Bestand>
      </mow:Aanlevering>
    </mow:Aanleveringen>