<?xml version="1.0" encoding="UTF-8"?><lvbb:manifest xmlns:lvbb="http://www.overheid.nl/2017/lvbb"><lvbb:bestand><lvbb:bestandsnaam>owActiviteiten.xml</lvbb:bestandsnaam><lvbb:contentType>application/xml</lvbb:contentType></lvbb:bestand><lvbb:bestand><lvbb:bestandsnaam>owGebiedsaanwijzing.xml</lvbb:bestandsnaam><lvbb:contentType>application/xml</lvbb:contentType></lvbb:bestand><lvbb:bestand><lvbb:bestandsnaam>fe049263-ca25-4dd5-8735-437925dbc477.gml</lvbb:bestandsnaam><lvbb:contentType>application/xml</lvbb:contentType></lvbb:bestand><lvbb:bestand><lvbb:bestandsnaam>consolidaties.xml</lvbb:bestandsnaam><lvbb:contentType>application/xml</lvbb:contentType></lvbb:bestand><lvbb:bestand><lvbb:bestandsnaam>5f44f937-2234-42ae-b3b1-095f23a824e8.gml</lvbb:bestandsnaam><lvbb:contentType>application/xml</lvbb:contentType></lvbb:bestand><lvbb:bestand><lvbb:bestandsnaam>0ee230b7-0761-44a8-b0b0-3d34094172e6.gml</lvbb:bestandsnaam><lvbb:contentType>application/xml</lvbb:contentType></lvbb:bestand><lvbb:bestand><lvbb:bestandsnaam>90fb6346-05fa-4e0c-b3d1-8c56cd35922e.gml</lvbb:bestandsnaam><lvbb:contentType>application/xml</lvbb:contentType></lvbb:bestand><lvbb:bestand><lvbb:bestandsnaam>manifest-ow.xml</lvbb:bestandsnaam><lvbb:contentType>application/xml</lvbb:contentType></lvbb:bestand><lvbb:bestand><lvbb:bestandsnaam>e8e3d058-b40b-4a40-a38d-d541d747fc12.gml</lvbb:bestandsnaam><lvbb:contentType>application/xml</lvbb:contentType></lvbb:bestand><lvbb:bestand><lvbb:bestandsnaam>owRegeltekst.xml</lvbb:bestandsnaam><lvbb:contentType>application/xml</lvbb:contentType></lvbb:bestand><lvbb:bestand><lvbb:bestandsnaam>owOmgevingsnormOmgevingswaarde.xml</lvbb:bestandsnaam><lvbb:contentType>application/xml</lvbb:contentType></lvbb:bestand><lvbb:bestand><lvbb:bestandsnaam>cb5dd60d-dc14-4a25-a669-22b35cab6fbc.gml</lvbb:bestandsnaam><lvbb:contentType>application/xml</lvbb:contentType></lvbb:bestand><lvbb:bestand><lvbb:bestandsnaam>owLocaties.xml</lvbb:bestandsnaam><lvbb:contentType>application/xml</lvbb:contentType></lvbb:bestand><lvbb:bestand><lvbb:bestandsnaam>53f44007-c98d-43a1-9609-9d493f68f9a1.gml</lvbb:bestandsnaam><lvbb:contentType>application/xml</lvbb:contentType></lvbb:bestand><lvbb:bestand><lvbb:bestandsnaam>manifest-bhkv.xml</lvbb:bestandsnaam><lvbb:contentType>application/xml</lvbb:contentType></lvbb:bestand><lvbb:bestand><lvbb:bestandsnaam>0cf17c3c-65a8-47e9-8702-d16184595246.gml</lvbb:bestandsnaam><lvbb:contentType>application/xml</lvbb:contentType></lvbb:bestand><lvbb:bestand><lvbb:bestandsnaam>2b3b3d13-fc58-4632-9066-b94ce840be1b.gml</lvbb:bestandsnaam><lvbb:contentType>application/xml</lvbb:contentType></lvbb:bestand><lvbb:bestand><lvbb:bestandsnaam>manifest.xml</lvbb:bestandsnaam><lvbb:contentType>application/xml</lvbb:contentType></lvbb:bestand></lvbb:manifest>