<?xml version="1.0" encoding="UTF-8"?>
<ow-dc:owBestand xsi:schemaLocation="http://www.geostandaarden.nl/imow/bestanden/deelbestand https://register.geostandaarden.nl/xmlschema/tpod/v2.0.0/bestanden-ow/deelbestand-ow/IMOW_Deelbestand.xsd" xmlns:xsi="http://www.w3.org/2001/XMLSchema-instance" xmlns:xlink="http://www.w3.org/1999/xlink" xmlns:ga="http://www.geostandaarden.nl/imow/gebiedsaanwijzing" xmlns:gml="http://www.opengis.net/gml/3.2" xmlns:l="http://www.geostandaarden.nl/imow/locatie" xmlns:da="http://www.geostandaarden.nl/imow/datatypenalgemeen" xmlns:sl="http://www.geostandaarden.nl/bestanden-ow/standlevering-generiek" xmlns:ow-dc="http://www.geostandaarden.nl/imow/bestanden/deelbestand" xmlns:rol="http://www.geostandaarden.nl/imow/regelsoplocatie" xmlns:ow="http://www.geostandaarden.nl/imow/owobject" xmlns:r="http://www.geostandaarden.nl/imow/regels" xmlns:op="http://www.geostandaarden.nl/imow/opobject">
   <sl:standBestand>
      <sl:dataset>TijdreizenInAmsterdam</sl:dataset>
      <sl:inhoud>
         <sl:gebied>Amsterdam</sl:gebied>
         <sl:leveringsId>Kadaster-Tijdreizen-initieel_001</sl:leveringsId>
         <sl:objectTypen>
            <sl:objectType>Gebiedsaanwijzing</sl:objectType>
         </sl:objectTypen>
      </sl:inhoud>
      <!--<sl:stand><ow-dc:owObject><ga:Gebiedsaanwijzing><ga:identificatie>nl.imow-gm0363.gebiedsaanwijzing.DeWeteringschans</ga:identificatie><ga:type>http://standaarden.omgevingswet.overheid.nl/typegebiedsaanwijzing/id/concept/Functie</ga:type><ga:naam>nl.imow-gm0363.gebiedengroep.DeWeteringschans</ga:naam><ga:groep>http://standaarden.omgevingswet.overheid.nl/functie/id/concept/Overig</ga:groep><ga:locatieaanduiding><l:LocatieRef xlink:href="nl.imow-gm0363.gebiedengroep.DeWeteringschans"/></ga:locatieaanduiding></ga:Gebiedsaanwijzing></ow-dc:owObject></sl:stand>
      <sl:stand><ow-dc:owObject><ga:Gebiedsaanwijzing><ga:identificatie>nl.imow-gm0363.gebiedsaanwijzing.GrachtengordelWest</ga:identificatie><ga:type>http://standaarden.omgevingswet.overheid.nl/typegebiedsaanwijzing/id/concept/Functie</ga:type><ga:naam>nl.imow-gm0363.gebiedengroep.GrachtengordelWest</ga:naam><ga:groep>http://standaarden.omgevingswet.overheid.nl/functie/id/concept/Overig</ga:groep><ga:locatieaanduiding><l:LocatieRef xlink:href="nl.imow-gm0363.gebiedengroep.GrachtengordelWest"/></ga:locatieaanduiding></ga:Gebiedsaanwijzing></ow-dc:owObject></sl:stand>-->
      <sl:stand>
         <ow-dc:owObject>
            <ga:Gebiedsaanwijzing>
               <ga:identificatie>nl.imow-gm0363.gebiedsaanwijzing.NaamWijziging</ga:identificatie>
               <ga:type>http://standaarden.omgevingswet.overheid.nl/typegebiedsaanwijzing/id/concept/Functie</ga:type>
               <ga:naam>Noordelijke IJ-oevers Oost(naam is nu gewijzigd)</ga:naam>
               <ga:groep>http://standaarden.omgevingswet.overheid.nl/functie/id/concept/Overig</ga:groep>
               <ga:locatieaanduiding>
                  <l:LocatieRef xlink:href="nl.imow-gm0363.gebiedengroep.NoordelijkeIJoeversOost"/>
               </ga:locatieaanduiding>
            </ga:Gebiedsaanwijzing>
         </ow-dc:owObject>
      </sl:stand>
      <!--<sl:stand><ow-dc:owObject><ga:Gebiedsaanwijzing><ga:identificatie>nl.imow-gm0363.gebiedsaanwijzing.Haarlemmerbuurt</ga:identificatie><ga:type>http://standaarden.omgevingswet.overheid.nl/typegebiedsaanwijzing/id/concept/Functie</ga:type><ga:naam>nl.imow-gm0363.gebiedengroep.Haarlemmerbuurt</ga:naam><ga:groep>http://standaarden.omgevingswet.overheid.nl/functie/id/concept/Overig</ga:groep><ga:locatieaanduiding><l:LocatieRef xlink:href="nl.imow-gm0363.gebiedengroep.Haarlemmerbuurt"/></ga:locatieaanduiding></ga:Gebiedsaanwijzing></ow-dc:owObject></sl:stand>-->
      <sl:stand>
         <ow-dc:owObject>
            <ga:Gebiedsaanwijzing>
               <ow:status>beëindigen</ow:status>
               <ga:identificatie>nl.imow-gm0363.gebiedsaanwijzing.Beeindiging</ga:identificatie>
               <ga:type>http://standaarden.omgevingswet.overheid.nl/typegebiedsaanwijzing/id/concept/Functie</ga:type>
               <ga:naam>Vondelbuurt (wordt beëindigd)</ga:naam>
               <ga:groep>http://standaarden.omgevingswet.overheid.nl/functie/id/concept/Overig</ga:groep>
               <ga:locatieaanduiding>
                  <l:LocatieRef xlink:href="nl.imow-gm0363.gebiedengroep.Vondelbuurt"/>
               </ga:locatieaanduiding>
            </ga:Gebiedsaanwijzing>
         </ow-dc:owObject>
      </sl:stand>
<!--      <sl:stand>
         <ow-dc:owObject>
            <ga:Gebiedsaanwijzing>
               <ga:identificatie>nl.imow-gm0363.gebiedsaanwijzing.BeeindigingNavIntrVerv</ga:identificatie>
               <ga:type>http://standaarden.omgevingswet.overheid.nl/typegebiedsaanwijzing/id/concept/Functie</ga:type>
               <ga:naam>Burgwallen Oude Zijde (wordt beëindigd bij intrekken en vervangen)</ga:naam>
               <ga:groep>http://standaarden.omgevingswet.overheid.nl/functie/id/concept/Overig</ga:groep>
               <ga:locatieaanduiding>
                  <l:LocatieRef xlink:href="nl.imow-gm0363.gebiedengroep.BurgwallenOudeZijde"/>
               </ga:locatieaanduiding>
            </ga:Gebiedsaanwijzing>
         </ow-dc:owObject>
      </sl:stand>-->
      <sl:stand>
         <ow-dc:owObject>
            <ga:Gebiedsaanwijzing>
               <ow:status>beëindigen</ow:status>
               <ga:identificatie>nl.imow-gm0363.gebiedsaanwijzing.Herleven</ga:identificatie>
               <ga:type>http://standaarden.omgevingswet.overheid.nl/typegebiedsaanwijzing/id/concept/Functie</ga:type>
               <ga:naam>Dapperbuurt (beëindigd per 04-04, herleefd per 07-07)</ga:naam>
               <ga:groep>http://standaarden.omgevingswet.overheid.nl/functie/id/concept/Overig</ga:groep>
               <ga:locatieaanduiding>
                  <l:LocatieRef xlink:href="nl.imow-gm0363.gebiedengroep.Dapperbuurt"/>
               </ga:locatieaanduiding>
            </ga:Gebiedsaanwijzing>
         </ow-dc:owObject>
      </sl:stand>
   </sl:standBestand>
</ow-dc:owBestand>
