<?xml version="1.0" encoding="UTF-8"?><Aanleveringen xmlns="http://www.geostandaarden.nl/bestanden-ow/manifest-ow"><domein>omgevingswet</domein><Aanlevering><WorkIDRegeling>/akn/nl/act/gm0363/2022/RegelingAmsterdam</WorkIDRegeling><DoelID>/join/id/proces/gm0363/2022/Initieel</DoelID><Bestand><naam>a53647eb-f4a1-437b-ad71-2e67c41fd8e4.gml</naam><objecttype>Geometrie</objecttype></Bestand><Bestand><naam>89d8be1d-c341-4d61-818d-54dcf92feb20.gml</naam><objecttype>Geometrie</objecttype></Bestand><Bestand><naam>82c5ab4a-d0d5-4ba2-a58e-9286610b8829.gml</naam><objecttype>Geometrie</objecttype></Bestand><Bestand><naam>5f44f937-2234-42ae-b3b1-095f23a824e8.gml</naam><objecttype>Geometrie</objecttype></Bestand><Bestand><naam>e8f8c439-e758-44c0-ad21-728dee4d0db4.gml</naam><objecttype>Geometrie</objecttype></Bestand><Bestand><naam>a2dbb033-fdf2-45b1-951d-309cc0aa58b1.gml</naam><objecttype>Geometrie</objecttype></Bestand><Bestand><naam>b52da2f7-07bb-452e-80de-0dd1f9e00efc.gml</naam><objecttype>Geometrie</objecttype></Bestand><Bestand><naam>60175eae-8501-4ca8-b2af-b93e2b4af333.gml</naam><objecttype>Geometrie</objecttype></Bestand><Bestand><naam>90fb6346-05fa-4e0c-b3d1-8c56cd35922e.gml</naam><objecttype>Geometrie</objecttype></Bestand><Bestand><naam>cb5dd60d-dc14-4a25-a669-22b35cab6fbc.gml</naam><objecttype>Geometrie</objecttype></Bestand><Bestand><naam>fe049263-ca25-4dd5-8735-437925dbc477.gml</naam><objecttype>Geometrie</objecttype></Bestand><Bestand><naam>d59c4447-bb39-4a0f-8345-510cbf5eb1c8.gml</naam><objecttype>Geometrie</objecttype></Bestand><Bestand><naam>b2c90822-41da-4bd2-8b18-29784ef04d7d.gml</naam><objecttype>Geometrie</objecttype></Bestand><Bestand><naam>4240f01d-1a82-4586-8b0a-a626a97dec2d.gml</naam><objecttype>Geometrie</objecttype></Bestand><Bestand><naam>c0cd195b-d35e-4a22-a506-98017b8890f9.gml</naam><objecttype>Geometrie</objecttype></Bestand><Bestand><naam>16b14f31-e95d-4cf4-b6d1-944ef36e6a7d.gml</naam><objecttype>Geometrie</objecttype></Bestand><Bestand><naam>e3c420bf-90c1-46a6-8f07-1a2e1e073beb.gml</naam><objecttype>Geometrie</objecttype></Bestand><Bestand><naam>262fb15f-9f6b-48d3-995c-afd23e5edbf2.gml</naam><objecttype>Geometrie</objecttype></Bestand><Bestand><naam>3df143e7-7d09-47ba-a40d-7b52194a7057.gml</naam><objecttype>Geometrie</objecttype></Bestand><Bestand><naam>6c273746-ab5c-4ceb-8c16-af7a12aa0b21.gml</naam><objecttype>Geometrie</objecttype></Bestand><Bestand><naam>40c33ff4-1189-4cd3-bc53-783d76110a11.gml</naam><objecttype>Geometrie</objecttype></Bestand><Bestand><naam>5b898a64-8223-4829-a0d3-9aeff6e979f0.gml</naam><objecttype>Geometrie</objecttype></Bestand><Bestand><naam>ebb97f9e-3cd4-485f-be9d-e36bb0ab9a0e.gml</naam><objecttype>Geometrie</objecttype></Bestand><Bestand><naam>0ff3bb1a-ad74-409b-92ea-8242e6496661.gml</naam><objecttype>Geometrie</objecttype></Bestand><Bestand><naam>10deb35b-f411-441f-9886-efcb0f9b2650.gml</naam><objecttype>Geometrie</objecttype></Bestand><Bestand><naam>22ee0277-8132-4d44-9b3a-66a46fc6faa5.gml</naam><objecttype>Geometrie</objecttype></Bestand><Bestand><naam>c7ba51dc-d63b-46c9-904e-10dc9a713c0d.gml</naam><objecttype>Geometrie</objecttype></Bestand><Bestand><naam>95e24e59-2acf-4936-9cc9-e182545cdffb.gml</naam><objecttype>Geometrie</objecttype></Bestand><Bestand><naam>201a4c2f-dda9-43d5-b844-38f1b070c260.gml</naam><objecttype>Geometrie</objecttype></Bestand><Bestand><naam>0ee230b7-0761-44a8-b0b0-3d34094172e6.gml</naam><objecttype>Geometrie</objecttype></Bestand><Bestand><naam>130eca47-f1ea-4bbf-b0cf-f0888f9058cd.gml</naam><objecttype>Geometrie</objecttype></Bestand><Bestand><naam>76c6243d-5ecd-4fa1-9ea7-ccc6d371372e.gml</naam><objecttype>Geometrie</objecttype></Bestand><Bestand><naam>ecd4d1d6-2d83-4851-a386-1ab935c64afe.gml</naam><objecttype>Geometrie</objecttype></Bestand><Bestand><naam>2cf12e46-f8d5-4d09-940c-f788e5f2074d.gml</naam><objecttype>Geometrie</objecttype></Bestand><Bestand><naam>c205e4c2-2f95-4a05-a2b5-0bc8fc7a12aa.gml</naam><objecttype>Geometrie</objecttype></Bestand><Bestand><naam>3d7b84fd-6b12-4953-a0e0-f83c9e51faa4.gml</naam><objecttype>Geometrie</objecttype></Bestand><Bestand><naam>53f44007-c98d-43a1-9609-9d493f68f9a1.gml</naam><objecttype>Geometrie</objecttype></Bestand><Bestand><naam>2c4a1fac-cb10-49ca-9a67-1e057f9fb1f6.gml</naam><objecttype>Geometrie</objecttype></Bestand><Bestand><naam>32f3b2a4-b96b-4412-85a6-5c84a3d80bb1.gml</naam><objecttype>Geometrie</objecttype></Bestand><Bestand><naam>e6529fa5-3d99-4cca-92d3-aa2dabff60b1.gml</naam><objecttype>Geometrie</objecttype></Bestand></Aanlevering></Aanleveringen>