<?xml version="1.0" encoding="UTF-8"?>
<ow-dc:owBestand xsi:schemaLocation="http://www.geostandaarden.nl/imow/bestanden/deelbestand https://register.geostandaarden.nl/xmlschema/tpod/v2.0.0/bestanden-ow/deelbestand-ow/IMOW_Deelbestand.xsd" xmlns:xsi="http://www.w3.org/2001/XMLSchema-instance" xmlns:xlink="http://www.w3.org/1999/xlink" xmlns:ga="http://www.geostandaarden.nl/imow/gebiedsaanwijzing" xmlns:gml="http://www.opengis.net/gml/3.2" xmlns:l="http://www.geostandaarden.nl/imow/locatie" xmlns:da="http://www.geostandaarden.nl/imow/datatypenalgemeen" xmlns:sl="http://www.geostandaarden.nl/bestanden-ow/standlevering-generiek" xmlns:ow-dc="http://www.geostandaarden.nl/imow/bestanden/deelbestand" xmlns:rol="http://www.geostandaarden.nl/imow/regelsoplocatie" xmlns:r="http://www.geostandaarden.nl/imow/regels" xmlns:ow="http://www.geostandaarden.nl/imow/owobject">
   <sl:standBestand>
      <sl:dataset>TijdreizenInAmsterdam</sl:dataset>
      <sl:inhoud>
         <sl:gebied>Amsterdam</sl:gebied>
         <sl:leveringsId>Kadaster-Tijdreizen-initieel_001</sl:leveringsId>
         <sl:objectTypen>
            <sl:objectType>Gebied</sl:objectType>
            <sl:objectType>Gebiedengroep</sl:objectType>
            <sl:objectType>Lijn</sl:objectType>
            <sl:objectType>Lijnengroep</sl:objectType>
            <sl:objectType>Punt</sl:objectType>
            <sl:objectType>Puntengroep</sl:objectType>
            <sl:objectType>Ambtsgebied</sl:objectType>
         </sl:objectTypen>
      </sl:inhoud>
      <sl:stand>
         <ow-dc:owObject>
            <l:Gebiedengroep>
               <l:identificatie>nl.imow-gm0363.gebiedengroep.BurgwallenNieuweZijde</l:identificatie>
               <l:noemer>Burgwallen-Nieuwe Zijde</l:noemer>
               <l:groepselement>
                  <l:GebiedRef xlink:href="nl.imow-gm0363.gebied.BurgwallenNieuweZijde"/>
               </l:groepselement>
            </l:Gebiedengroep>
         </ow-dc:owObject>
      </sl:stand>
      <sl:stand>
         <ow-dc:owObject>
            <l:Gebied>
               <l:identificatie>nl.imow-gm0363.gebied.BurgwallenNieuweZijde</l:identificatie>
               <l:geometrie>
                  <l:GeometrieRef xlink:href="b2c90822-41da-4bd2-8b18-29784ef04d7d"/>
               </l:geometrie>
            </l:Gebied>
         </ow-dc:owObject>
      </sl:stand>
      <sl:stand>
         <ow-dc:owObject>
            <l:Gebiedengroep>
               <l:identificatie>nl.imow-gm0363.gebiedengroep.BurgwallenOudeZijde</l:identificatie>
               <l:noemer>Burgwallen-Oude Zijde</l:noemer>
               <l:groepselement>
                  <l:GebiedRef xlink:href="nl.imow-gm0363.gebied.BurgwallenOudeZijde"/>
               </l:groepselement>
            </l:Gebiedengroep>
         </ow-dc:owObject>
      </sl:stand>
      <sl:stand>
         <ow-dc:owObject>
            <l:Gebied>
               <l:identificatie>nl.imow-gm0363.gebied.BurgwallenOudeZijde</l:identificatie>
               <l:geometrie>
                  <l:GeometrieRef xlink:href="b52da2f7-07bb-452e-80de-0dd1f9e00efc"/>
               </l:geometrie>
            </l:Gebied>
         </ow-dc:owObject>
      </sl:stand>
      <sl:stand>
         <ow-dc:owObject>
            <l:Gebiedengroep>
               <l:identificatie>nl.imow-gm0363.gebiedengroep.DaCostabuurt</l:identificatie>
               <l:noemer>Da Costabuurt</l:noemer>
               <l:groepselement>
                  <l:GebiedRef xlink:href="nl.imow-gm0363.gebied.DaCostabuurt"/>
               </l:groepselement>
            </l:Gebiedengroep>
         </ow-dc:owObject>
      </sl:stand>
      <sl:stand>
         <ow-dc:owObject>
            <l:Gebied>
               <l:identificatie>nl.imow-gm0363.gebied.DaCostabuurt</l:identificatie>
               <l:geometrie>
                  <l:GeometrieRef xlink:href="201a4c2f-dda9-43d5-b844-38f1b070c260"/>
               </l:geometrie>
            </l:Gebied>
         </ow-dc:owObject>
      </sl:stand>
      <sl:stand>
         <ow-dc:owObject>
            <l:Gebiedengroep>
               <l:identificatie>nl.imow-gm0363.gebiedengroep.Dapperbuurt</l:identificatie>
               <l:noemer>Dapperbuurt</l:noemer>
               <l:groepselement>
                  <l:GebiedRef xlink:href="nl.imow-gm0363.gebied.Dapperbuurt"/>
               </l:groepselement>
            </l:Gebiedengroep>
         </ow-dc:owObject>
      </sl:stand>
      <sl:stand>
         <ow-dc:owObject>
            <l:Gebied>
               <l:identificatie>nl.imow-gm0363.gebied.Dapperbuurt</l:identificatie>
               <l:geometrie>
                  <l:GeometrieRef xlink:href="16b14f31-e95d-4cf4-b6d1-944ef36e6a7d"/>
               </l:geometrie>
            </l:Gebied>
         </ow-dc:owObject>
      </sl:stand>
      <sl:stand>
         <ow-dc:owObject>
            <l:Gebiedengroep>
               <l:identificatie>nl.imow-gm0363.gebiedengroep.DeWeteringschans</l:identificatie>
               <l:noemer>De Weteringschans</l:noemer>
               <l:groepselement>
                  <l:GebiedRef xlink:href="nl.imow-gm0363.gebied.DeWeteringschans"/>
               </l:groepselement>
            </l:Gebiedengroep>
         </ow-dc:owObject>
      </sl:stand>
      <sl:stand>
         <ow-dc:owObject>
            <l:Gebied>
               <l:identificatie>nl.imow-gm0363.gebied.DeWeteringschans</l:identificatie>
               <l:geometrie>
                  <l:GeometrieRef xlink:href="3d7b84fd-6b12-4953-a0e0-f83c9e51faa4"/>
               </l:geometrie>
            </l:Gebied>
         </ow-dc:owObject>
      </sl:stand>
      <sl:stand>
         <ow-dc:owObject>
            <l:Gebiedengroep>
               <l:identificatie>nl.imow-gm0363.gebiedengroep.FrederikHendrikbuurt</l:identificatie>
               <l:noemer>Frederik Hendrikbuurt</l:noemer>
               <l:groepselement>
                  <l:GebiedRef xlink:href="nl.imow-gm0363.gebied.FrederikHendrikbuurt"/>
               </l:groepselement>
            </l:Gebiedengroep>
         </ow-dc:owObject>
      </sl:stand>
      <sl:stand>
         <ow-dc:owObject>
            <l:Gebied>
               <l:identificatie>nl.imow-gm0363.gebied.FrederikHendrikbuurt</l:identificatie>
               <l:geometrie>
                  <l:GeometrieRef xlink:href="6c273746-ab5c-4ceb-8c16-af7a12aa0b21"/>
               </l:geometrie>
            </l:Gebied>
         </ow-dc:owObject>
      </sl:stand>
      <sl:stand>
         <ow-dc:owObject>
            <l:Gebiedengroep>
               <l:identificatie>nl.imow-gm0363.gebiedengroep.GrachtengordelWest</l:identificatie>
               <l:noemer>Grachtengordel-West</l:noemer>
               <l:groepselement>
                  <l:GebiedRef xlink:href="nl.imow-gm0363.gebied.GrachtengordelWest"/>
               </l:groepselement>
            </l:Gebiedengroep>
         </ow-dc:owObject>
      </sl:stand>
      <sl:stand>
         <ow-dc:owObject>
            <l:Gebied>
               <l:identificatie>nl.imow-gm0363.gebied.GrachtengordelWest</l:identificatie>
               <l:geometrie>
                  <l:GeometrieRef xlink:href="3df143e7-7d09-47ba-a40d-7b52194a7057"/>
               </l:geometrie>
            </l:Gebied>
         </ow-dc:owObject>
      </sl:stand>
      <sl:stand>
         <ow-dc:owObject>
            <l:Gebiedengroep>
               <l:identificatie>nl.imow-gm0363.gebiedengroep.GrachtengordelZuid</l:identificatie>
               <l:noemer>Grachtengordel-Zuid</l:noemer>
               <l:groepselement>
                  <l:GebiedRef xlink:href="nl.imow-gm0363.gebied.GrachtengordelZuid"/>
               </l:groepselement>
            </l:Gebiedengroep>
         </ow-dc:owObject>
      </sl:stand>
      <sl:stand>
         <ow-dc:owObject>
            <l:Gebied>
               <l:identificatie>nl.imow-gm0363.gebied.GrachtengordelZuid</l:identificatie>
               <l:geometrie>
                  <l:GeometrieRef xlink:href="90fb6346-05fa-4e0c-b3d1-8c56cd35922e"/>
               </l:geometrie>
            </l:Gebied>
         </ow-dc:owObject>
      </sl:stand>
      <sl:stand>
         <ow-dc:owObject>
            <l:Gebiedengroep>
               <l:identificatie>nl.imow-gm0363.gebiedengroep.Haarlemmerbuurt</l:identificatie>
               <l:noemer>Haarlemmerbuurt</l:noemer>
               <l:groepselement>
                  <l:GebiedRef xlink:href="nl.imow-gm0363.gebied.Haarlemmerbuurt"/>
               </l:groepselement>
            </l:Gebiedengroep>
         </ow-dc:owObject>
      </sl:stand>
      <sl:stand>
         <ow-dc:owObject>
            <l:Gebied>
               <l:identificatie>nl.imow-gm0363.gebied.Haarlemmerbuurt</l:identificatie>
               <l:geometrie>
                  <l:GeometrieRef xlink:href="ebb97f9e-3cd4-485f-be9d-e36bb0ab9a0e"/>
               </l:geometrie>
            </l:Gebied>
         </ow-dc:owObject>
      </sl:stand>
      <sl:stand>
         <ow-dc:owObject>
            <l:Gebiedengroep>
               <l:identificatie>nl.imow-gm0363.gebiedengroep.Helmersbuurt</l:identificatie>
               <l:noemer>Helmersbuurt</l:noemer>
               <l:groepselement>
                  <l:GebiedRef xlink:href="nl.imow-gm0363.gebied.Helmersbuurt"/>
               </l:groepselement>
            </l:Gebiedengroep>
         </ow-dc:owObject>
      </sl:stand>
      <sl:stand>
         <ow-dc:owObject>
            <l:Gebied>
               <l:identificatie>nl.imow-gm0363.gebied.Helmersbuurt</l:identificatie>
               <l:geometrie>
                  <l:GeometrieRef xlink:href="c205e4c2-2f95-4a05-a2b5-0bc8fc7a12aa"/>
               </l:geometrie>
            </l:Gebied>
         </ow-dc:owObject>
      </sl:stand>
      <sl:stand>
         <ow-dc:owObject>
            <l:Gebiedengroep>
               <l:identificatie>nl.imow-gm0363.gebiedengroep.IJpleinVogelbuurt</l:identificatie>
               <l:noemer>IJplein_Vogelbuurt</l:noemer>
               <l:groepselement>
                  <l:GebiedRef xlink:href="nl.imow-gm0363.gebied.IJpleinVogelbuurt"/>
               </l:groepselement>
            </l:Gebiedengroep>
         </ow-dc:owObject>
      </sl:stand>
      <sl:stand>
         <ow-dc:owObject>
            <l:Gebied>
               <l:identificatie>nl.imow-gm0363.gebied.IJpleinVogelbuurt</l:identificatie>
               <l:geometrie>
                  <l:GeometrieRef xlink:href="76c6243d-5ecd-4fa1-9ea7-ccc6d371372e"/>
               </l:geometrie>
            </l:Gebied>
         </ow-dc:owObject>
      </sl:stand>
      <sl:stand>
         <ow-dc:owObject>
            <l:Gebiedengroep>
               <l:identificatie>nl.imow-gm0363.gebiedengroep.IndischeBuurtOost</l:identificatie>
               <l:noemer>Indische Buurt Oost</l:noemer>
               <l:groepselement>
                  <l:GebiedRef xlink:href="nl.imow-gm0363.gebied.IndischeBuurtOost"/>
               </l:groepselement>
            </l:Gebiedengroep>
         </ow-dc:owObject>
      </sl:stand>
      <sl:stand>
         <ow-dc:owObject>
            <l:Gebied>
               <l:identificatie>nl.imow-gm0363.gebied.IndischeBuurtOost</l:identificatie>
               <l:geometrie>
                  <l:GeometrieRef xlink:href="a2dbb033-fdf2-45b1-951d-309cc0aa58b1"/>
               </l:geometrie>
            </l:Gebied>
         </ow-dc:owObject>
      </sl:stand>
      <sl:stand>
         <ow-dc:owObject>
            <l:Gebiedengroep>
               <l:identificatie>nl.imow-gm0363.gebiedengroep.IndischeBuurtWest</l:identificatie>
               <l:noemer>Indische Buurt West</l:noemer>
               <l:groepselement>
                  <l:GebiedRef xlink:href="nl.imow-gm0363.gebied.IndischeBuurtWest"/>
               </l:groepselement>
            </l:Gebiedengroep>
         </ow-dc:owObject>
      </sl:stand>
      <sl:stand>
         <ow-dc:owObject>
            <l:Gebied>
               <l:identificatie>nl.imow-gm0363.gebied.IndischeBuurtWest</l:identificatie>
               <l:geometrie>
                  <l:GeometrieRef xlink:href="32f3b2a4-b96b-4412-85a6-5c84a3d80bb1"/>
               </l:geometrie>
            </l:Gebied>
         </ow-dc:owObject>
      </sl:stand>
      <sl:stand>
         <ow-dc:owObject>
            <l:Gebiedengroep>
               <l:identificatie>nl.imow-gm0363.gebiedengroep.Jordaan</l:identificatie>
               <l:noemer>Jordaan</l:noemer>
               <l:groepselement>
                  <l:GebiedRef xlink:href="nl.imow-gm0363.gebied.Jordaan"/>
               </l:groepselement>
            </l:Gebiedengroep>
         </ow-dc:owObject>
      </sl:stand>
      <sl:stand>
         <ow-dc:owObject>
            <l:Gebied>
               <l:identificatie>nl.imow-gm0363.gebied.Jordaan</l:identificatie>
               <l:geometrie>
                  <l:GeometrieRef xlink:href="2c4a1fac-cb10-49ca-9a67-1e057f9fb1f6"/>
               </l:geometrie>
            </l:Gebied>
         </ow-dc:owObject>
      </sl:stand>
      <sl:stand>
         <ow-dc:owObject>
            <l:Gebiedengroep>
               <l:identificatie>nl.imow-gm0363.gebiedengroep.Middenmeer</l:identificatie>
               <l:noemer>Middenmeer</l:noemer>
               <l:groepselement>
                  <l:GebiedRef xlink:href="nl.imow-gm0363.gebied.Middenmeer"/>
               </l:groepselement>
            </l:Gebiedengroep>
         </ow-dc:owObject>
      </sl:stand>
      <sl:stand>
         <ow-dc:owObject>
            <l:Gebied>
               <l:identificatie>nl.imow-gm0363.gebied.Middenmeer</l:identificatie>
               <l:geometrie>
                  <l:GeometrieRef xlink:href="40c33ff4-1189-4cd3-bc53-783d76110a11"/>
               </l:geometrie>
            </l:Gebied>
         </ow-dc:owObject>
      </sl:stand>
      <sl:stand>
         <ow-dc:owObject>
            <l:Gebiedengroep>
               <l:identificatie>nl.imow-gm0363.gebiedengroep.Museumkwartier</l:identificatie>
               <l:noemer>Museumkwartier</l:noemer>
               <l:groepselement>
                  <l:GebiedRef xlink:href="nl.imow-gm0363.gebied.Museumkwartier"/>
               </l:groepselement>
            </l:Gebiedengroep>
         </ow-dc:owObject>
      </sl:stand>
      <sl:stand>
         <ow-dc:owObject>
            <l:Gebied>
               <l:identificatie>nl.imow-gm0363.gebied.Museumkwartier</l:identificatie>
               <l:geometrie>
                  <l:GeometrieRef xlink:href="0ff3bb1a-ad74-409b-92ea-8242e6496661"/>
               </l:geometrie>
            </l:Gebied>
         </ow-dc:owObject>
      </sl:stand>
      <sl:stand>
         <ow-dc:owObject>
            <l:Gebiedengroep>
               <l:identificatie>nl.imow-gm0363.gebiedengroep.NieuwmarktLastage</l:identificatie>
               <l:noemer>Nieuwmarkt_Lastage</l:noemer>
               <l:groepselement>
                  <l:GebiedRef xlink:href="nl.imow-gm0363.gebied.NieuwmarktLastage"/>
               </l:groepselement>
            </l:Gebiedengroep>
         </ow-dc:owObject>
      </sl:stand>
      <sl:stand>
         <ow-dc:owObject>
            <l:Gebied>
               <l:identificatie>nl.imow-gm0363.gebied.NieuwmarktLastage</l:identificatie>
               <l:geometrie>
                  <l:GeometrieRef xlink:href="22ee0277-8132-4d44-9b3a-66a46fc6faa5"/>
               </l:geometrie>
            </l:Gebied>
         </ow-dc:owObject>
      </sl:stand>
      <sl:stand>
         <ow-dc:owObject>
            <l:Gebiedengroep>
               <l:identificatie>nl.imow-gm0363.gebiedengroep.NoordelijkeIJoeversOost</l:identificatie>
               <l:noemer>Noordelijke IJ-oevers Oost</l:noemer>
               <l:groepselement>
                  <l:GebiedRef xlink:href="nl.imow-gm0363.gebied.NoordelijkeIJoeversOost"/>
               </l:groepselement>
            </l:Gebiedengroep>
         </ow-dc:owObject>
      </sl:stand>
      <sl:stand>
         <ow-dc:owObject>
            <l:Gebied>
               <l:identificatie>nl.imow-gm0363.gebied.NoordelijkeIJoeversOost</l:identificatie>
               <l:geometrie>
                  <l:GeometrieRef xlink:href="2cf12e46-f8d5-4d09-940c-f788e5f2074d"/>
               </l:geometrie>
            </l:Gebied>
         </ow-dc:owObject>
      </sl:stand>
      <sl:stand>
         <ow-dc:owObject>
            <l:Gebiedengroep>
               <l:identificatie>nl.imow-gm0363.gebiedengroep.NoordelijkeIJoeversWest</l:identificatie>
               <l:noemer>Noordelijke IJ-oevers West</l:noemer>
               <l:groepselement>
                  <l:GebiedRef xlink:href="nl.imow-gm0363.gebied.NoordelijkeIJoeversWest"/>
               </l:groepselement>
            </l:Gebiedengroep>
         </ow-dc:owObject>
      </sl:stand>
      <sl:stand>
         <ow-dc:owObject>
            <l:Gebied>
               <l:identificatie>nl.imow-gm0363.gebied.NoordelijkeIJoeversWest</l:identificatie>
               <l:geometrie>
                  <l:GeometrieRef xlink:href="262fb15f-9f6b-48d3-995c-afd23e5edbf2"/>
               </l:geometrie>
            </l:Gebied>
         </ow-dc:owObject>
      </sl:stand>
      <sl:stand>
         <ow-dc:owObject>
            <l:Gebiedengroep>
               <l:identificatie>nl.imow-gm0363.gebiedengroep.OostelijkHavengebied</l:identificatie>
               <l:noemer>Oostelijk Havengebied</l:noemer>
               <l:groepselement>
                  <l:GebiedRef xlink:href="nl.imow-gm0363.gebied.OostelijkHavengebied"/>
               </l:groepselement>
            </l:Gebiedengroep>
         </ow-dc:owObject>
      </sl:stand>
      <sl:stand>
         <ow-dc:owObject>
            <l:Gebied>
               <l:identificatie>nl.imow-gm0363.gebied.OostelijkHavengebied</l:identificatie>
               <l:geometrie>
                  <l:GeometrieRef xlink:href="10deb35b-f411-441f-9886-efcb0f9b2650"/>
               </l:geometrie>
            </l:Gebied>
         </ow-dc:owObject>
      </sl:stand>
      <sl:stand>
         <ow-dc:owObject>
            <l:Gebiedengroep>
               <l:identificatie>nl.imow-gm0363.gebiedengroep.OostelijkeEilandenKadijken</l:identificatie>
               <l:noemer>Oostelijke Eilanden_Kadijken</l:noemer>
               <l:groepselement>
                  <l:GebiedRef xlink:href="nl.imow-gm0363.gebied.OostelijkeEilandenKadijken"/>
               </l:groepselement>
            </l:Gebiedengroep>
         </ow-dc:owObject>
      </sl:stand>
      <sl:stand>
         <ow-dc:owObject>
            <l:Gebied>
               <l:identificatie>nl.imow-gm0363.gebied.OostelijkeEilandenKadijken</l:identificatie>
               <l:geometrie>
                  <l:GeometrieRef xlink:href="5b898a64-8223-4829-a0d3-9aeff6e979f0"/>
               </l:geometrie>
            </l:Gebied>
         </ow-dc:owObject>
      </sl:stand>
      <sl:stand>
         <ow-dc:owObject>
            <l:Gebiedengroep>
               <l:identificatie>nl.imow-gm0363.gebiedengroep.Oosterparkbuurt</l:identificatie>
               <l:noemer>Oosterparkbuurt</l:noemer>
               <l:groepselement>
                  <l:GebiedRef xlink:href="nl.imow-gm0363.gebied.Oosterparkbuurt"/>
               </l:groepselement>
            </l:Gebiedengroep>
         </ow-dc:owObject>
      </sl:stand>
      <sl:stand>
         <ow-dc:owObject>
            <l:Gebied>
               <l:identificatie>nl.imow-gm0363.gebied.Oosterparkbuurt</l:identificatie>
               <l:geometrie>
                  <l:GeometrieRef xlink:href="e8f8c439-e758-44c0-ad21-728dee4d0db4"/>
               </l:geometrie>
            </l:Gebied>
         </ow-dc:owObject>
      </sl:stand>
      <sl:stand>
         <ow-dc:owObject>
            <l:Gebiedengroep>
               <l:identificatie>nl.imow-gm0363.gebiedengroep.OudePijp</l:identificatie>
               <l:noemer>Oude Pijp</l:noemer>
               <l:groepselement>
                  <l:GebiedRef xlink:href="nl.imow-gm0363.gebied.OudePijp"/>
               </l:groepselement>
            </l:Gebiedengroep>
         </ow-dc:owObject>
      </sl:stand>
      <sl:stand>
         <ow-dc:owObject>
            <l:Gebied>
               <l:identificatie>nl.imow-gm0363.gebied.OudePijp</l:identificatie>
               <l:geometrie>
                  <l:GeometrieRef xlink:href="4240f01d-1a82-4586-8b0a-a626a97dec2d"/>
               </l:geometrie>
            </l:Gebied>
         </ow-dc:owObject>
      </sl:stand>
      <sl:stand>
         <ow-dc:owObject>
            <l:Gebiedengroep>
               <l:identificatie>nl.imow-gm0363.gebiedengroep.Staatsliedenbuurt</l:identificatie>
               <l:noemer>Staatsliedenbuurt</l:noemer>
               <l:groepselement>
                  <l:GebiedRef xlink:href="nl.imow-gm0363.gebied.Staatsliedenbuurt"/>
               </l:groepselement>
            </l:Gebiedengroep>
         </ow-dc:owObject>
      </sl:stand>
      <sl:stand>
         <ow-dc:owObject>
            <l:Gebied>
               <l:identificatie>nl.imow-gm0363.gebied.Staatsliedenbuurt</l:identificatie>
               <l:geometrie>
                  <l:GeometrieRef xlink:href="89d8be1d-c341-4d61-818d-54dcf92feb20"/>
               </l:geometrie>
            </l:Gebied>
         </ow-dc:owObject>
      </sl:stand>
      <sl:stand>
         <ow-dc:owObject>
            <l:Gebiedengroep>
               <l:identificatie>nl.imow-gm0363.gebiedengroep.Transvaalbuurt</l:identificatie>
               <l:noemer>Transvaalbuurt</l:noemer>
               <l:groepselement>
                  <l:GebiedRef xlink:href="nl.imow-gm0363.gebied.Transvaalbuurt"/>
               </l:groepselement>
            </l:Gebiedengroep>
         </ow-dc:owObject>
      </sl:stand>
      <sl:stand>
         <ow-dc:owObject>
            <l:Gebied>
               <l:identificatie>nl.imow-gm0363.gebied.Transvaalbuurt</l:identificatie>
               <l:geometrie>
                  <l:GeometrieRef xlink:href="95e24e59-2acf-4936-9cc9-e182545cdffb"/>
               </l:geometrie>
            </l:Gebied>
         </ow-dc:owObject>
      </sl:stand>
      <sl:stand>
         <ow-dc:owObject>
            <l:Gebiedengroep>
               <l:identificatie>nl.imow-gm0363.gebiedengroep.VanLennepbuurt</l:identificatie>
               <l:noemer>Van Lennepbuurt</l:noemer>
               <l:groepselement>
                  <l:GebiedRef xlink:href="nl.imow-gm0363.gebied.VanLennepbuurt"/>
               </l:groepselement>
            </l:Gebiedengroep>
         </ow-dc:owObject>
      </sl:stand>
      <sl:stand>
         <ow-dc:owObject>
            <l:Gebied>
               <l:identificatie>nl.imow-gm0363.gebied.VanLennepbuurt</l:identificatie>
               <l:geometrie>
                  <l:GeometrieRef xlink:href="e3c420bf-90c1-46a6-8f07-1a2e1e073beb"/>
               </l:geometrie>
            </l:Gebied>
         </ow-dc:owObject>
      </sl:stand>
      <sl:stand>
         <ow-dc:owObject>
            <l:Gebiedengroep>
               <l:identificatie>nl.imow-gm0363.gebiedengroep.Volewijck</l:identificatie>
               <l:noemer>Volewijck</l:noemer>
               <l:groepselement>
                  <l:GebiedRef xlink:href="nl.imow-gm0363.gebied.Volewijck"/>
               </l:groepselement>
            </l:Gebiedengroep>
         </ow-dc:owObject>
      </sl:stand>
      <sl:stand>
         <ow-dc:owObject>
            <l:Gebied>
               <l:identificatie>nl.imow-gm0363.gebied.Volewijck</l:identificatie>
               <l:geometrie>
                  <l:GeometrieRef xlink:href="130eca47-f1ea-4bbf-b0cf-f0888f9058cd"/>
               </l:geometrie>
            </l:Gebied>
         </ow-dc:owObject>
      </sl:stand>
      <sl:stand>
         <ow-dc:owObject>
            <l:Gebiedengroep>
               <l:identificatie>nl.imow-gm0363.gebiedengroep.Vondelbuurt</l:identificatie>
               <l:noemer>Vondelbuurt</l:noemer>
               <l:groepselement>
                  <l:GebiedRef xlink:href="nl.imow-gm0363.gebied.Vondelbuurt"/>
               </l:groepselement>
            </l:Gebiedengroep>
         </ow-dc:owObject>
      </sl:stand>
      <sl:stand>
         <ow-dc:owObject>
            <l:Gebied>
               <l:identificatie>nl.imow-gm0363.gebied.Vondelbuurt</l:identificatie>
               <l:geometrie>
                  <l:GeometrieRef xlink:href="0ee230b7-0761-44a8-b0b0-3d34094172e6"/>
               </l:geometrie>
            </l:Gebied>
         </ow-dc:owObject>
      </sl:stand>
      <sl:stand>
         <ow-dc:owObject>
            <l:Gebiedengroep>
               <l:identificatie>nl.imow-gm0363.gebiedengroep.WeesperbuurtPlantage</l:identificatie>
               <l:noemer>Weesperbuurt_Plantage</l:noemer>
               <l:groepselement>
                  <l:GebiedRef xlink:href="nl.imow-gm0363.gebied.WeesperbuurtPlantage"/>
               </l:groepselement>
            </l:Gebiedengroep>
         </ow-dc:owObject>
      </sl:stand>
      <sl:stand>
         <ow-dc:owObject>
            <l:Gebied>
               <l:identificatie>nl.imow-gm0363.gebied.WeesperbuurtPlantage</l:identificatie>
               <l:geometrie>
                  <l:GeometrieRef xlink:href="d59c4447-bb39-4a0f-8345-510cbf5eb1c8"/>
               </l:geometrie>
            </l:Gebied>
         </ow-dc:owObject>
      </sl:stand>
      <sl:stand>
         <ow-dc:owObject>
            <l:Gebiedengroep>
               <l:identificatie>nl.imow-gm0363.gebiedengroep.Weesperzijde</l:identificatie>
               <l:noemer>Weesperzijde</l:noemer>
               <l:groepselement>
                  <l:GebiedRef xlink:href="nl.imow-gm0363.gebied.Weesperzijde"/>
               </l:groepselement>
            </l:Gebiedengroep>
         </ow-dc:owObject>
      </sl:stand>
      <sl:stand>
         <ow-dc:owObject>
            <l:Gebied>
               <l:identificatie>nl.imow-gm0363.gebied.Weesperzijde</l:identificatie>
               <l:geometrie>
                  <l:GeometrieRef xlink:href="60175eae-8501-4ca8-b2af-b93e2b4af333"/>
               </l:geometrie>
            </l:Gebied>
         </ow-dc:owObject>
      </sl:stand>
      <sl:stand>
         <ow-dc:owObject>
            <l:Lijnengroep>
               <l:identificatie>nl.imow-gm0363.lijnengroep.MultiLijn</l:identificatie>
               <l:noemer>MultiLijn</l:noemer>
               <l:groepselement>
                  <l:LijnRef xlink:href="nl.imow-gm0363.lijn.MultiLijn"/>
               </l:groepselement>
            </l:Lijnengroep>
         </ow-dc:owObject>
      </sl:stand>
      <sl:stand>
         <ow-dc:owObject>
            <l:Lijn>
               <l:identificatie>nl.imow-gm0363.lijn.MultiLijn</l:identificatie>
               <l:geometrie>
                  <l:GeometrieRef xlink:href="c0cd195b-d35e-4a22-a506-98017b8890f9"/>
               </l:geometrie>
            </l:Lijn>
         </ow-dc:owObject>
      </sl:stand>
      <sl:stand>
         <ow-dc:owObject>
            <l:Lijnengroep>
               <l:identificatie>nl.imow-gm0363.lijnengroep.Lijn1</l:identificatie>
               <l:noemer>Lijn1</l:noemer>
               <l:groepselement>
                  <l:LijnRef xlink:href="nl.imow-gm0363.lijn.Lijn1"/>
               </l:groepselement>
            </l:Lijnengroep>
         </ow-dc:owObject>
      </sl:stand>
      <sl:stand>
         <ow-dc:owObject>
            <l:Lijn>
               <l:identificatie>nl.imow-gm0363.lijn.Lijn1</l:identificatie>
               <l:geometrie>
                  <l:GeometrieRef xlink:href="a53647eb-f4a1-437b-ad71-2e67c41fd8e4"/>
               </l:geometrie>
            </l:Lijn>
         </ow-dc:owObject>
      </sl:stand>
      <sl:stand>
         <ow-dc:owObject>
            <l:Lijnengroep>
               <l:identificatie>nl.imow-gm0363.lijnengroep.TweeLijnen</l:identificatie>
               <l:noemer>TweeLijnen</l:noemer>
               <l:groepselement>
                  <l:LijnRef xlink:href="nl.imow-gm0363.lijn.TweeLijnen"/>
               </l:groepselement>
            </l:Lijnengroep>
         </ow-dc:owObject>
      </sl:stand>
      <sl:stand>
         <ow-dc:owObject>
            <l:Lijn>
               <l:identificatie>nl.imow-gm0363.lijn.TweeLijnen</l:identificatie>
               <l:geometrie>
                  <l:GeometrieRef xlink:href="53f44007-c98d-43a1-9609-9d493f68f9a1"/>
               </l:geometrie>
            </l:Lijn>
         </ow-dc:owObject>
      </sl:stand>
      <sl:stand>
         <ow-dc:owObject>
            <l:Lijnengroep>
               <l:identificatie>nl.imow-gm0363.lijnengroep.Verdwlijn</l:identificatie>
               <l:noemer>Verdwlijn</l:noemer>
               <l:groepselement>
                  <l:LijnRef xlink:href="nl.imow-gm0363.lijn.Verdwlijn"/>
               </l:groepselement>
            </l:Lijnengroep>
         </ow-dc:owObject>
      </sl:stand>
      <sl:stand>
         <ow-dc:owObject>
            <l:Lijn>
               <l:identificatie>nl.imow-gm0363.lijn.Verdwlijn</l:identificatie>
               <l:geometrie>
                  <l:GeometrieRef xlink:href="5f44f937-2234-42ae-b3b1-095f23a824e8"/>
               </l:geometrie>
            </l:Lijn>
         </ow-dc:owObject>
      </sl:stand>
      <sl:stand>
         <ow-dc:owObject>
            <l:Lijnengroep>
               <l:identificatie>nl.imow-gm0363.lijnengroep.LijnIntrVerv</l:identificatie>
               <l:noemer>LijnIntrVerv</l:noemer>
               <l:groepselement>
                  <l:LijnRef xlink:href="nl.imow-gm0363.lijn.LijnIntrVerv"/>
               </l:groepselement>
            </l:Lijnengroep>
         </ow-dc:owObject>
      </sl:stand>
      <sl:stand>
         <ow-dc:owObject>
            <l:Lijn>
               <l:identificatie>nl.imow-gm0363.lijn.LijnIntrVerv</l:identificatie>
               <l:geometrie>
                  <l:GeometrieRef xlink:href="c7ba51dc-d63b-46c9-904e-10dc9a713c0d"/>
               </l:geometrie>
            </l:Lijn>
         </ow-dc:owObject>
      </sl:stand>
      <sl:stand>
         <ow-dc:owObject>
            <l:Puntengroep>
               <l:identificatie>nl.imow-gm0363.puntengroep.PuntengroepOngewijzigd</l:identificatie>
               <l:noemer>PuntengroepOngewijzigd</l:noemer>
               <l:groepselement>
                  <l:PuntRef xlink:href="nl.imow-gm0363.punt.PuntOngewijzigd"/>
               </l:groepselement>
            </l:Puntengroep>
         </ow-dc:owObject>
      </sl:stand>
      <sl:stand>
         <ow-dc:owObject>
            <l:Punt>
               <l:identificatie>nl.imow-gm0363.punt.PuntOngewijzigd</l:identificatie>
               <l:geometrie>
                  <l:GeometrieRef xlink:href="82c5ab4a-d0d5-4ba2-a58e-9286610b8829"/>
               </l:geometrie>
            </l:Punt>
         </ow-dc:owObject>
      </sl:stand>
      <sl:stand>
         <ow-dc:owObject>
            <l:Puntengroep>
               <l:identificatie>nl.imow-gm0363.puntengroep.PuntengroepNaamWijziging</l:identificatie>
               <l:noemer>PuntengroepNaamWijziging</l:noemer>
               <l:groepselement>
                  <l:PuntRef xlink:href="nl.imow-gm0363.punt.PuntNaamWijziging"/>
               </l:groepselement>
            </l:Puntengroep>
         </ow-dc:owObject>
      </sl:stand>
      <sl:stand>
         <ow-dc:owObject>
            <l:Punt>
               <l:identificatie>nl.imow-gm0363.punt.PuntNaamWijziging</l:identificatie>
               <l:geometrie>
                  <l:GeometrieRef xlink:href="cb5dd60d-dc14-4a25-a669-22b35cab6fbc"/>
               </l:geometrie>
            </l:Punt>
         </ow-dc:owObject>
      </sl:stand>
      <sl:stand>
         <ow-dc:owObject>
            <l:Puntengroep>
               <l:identificatie>nl.imow-gm0363.puntengroep.PuntengroepLocatieWijziging</l:identificatie>
               <l:noemer>PuntengroepLocatieWijziging</l:noemer>
               <l:groepselement>
                  <l:PuntRef xlink:href="nl.imow-gm0363.punt.PuntLocatieWijziging"/>
               </l:groepselement>
            </l:Puntengroep>
         </ow-dc:owObject>
      </sl:stand>
      <sl:stand>
         <ow-dc:owObject>
            <l:Punt>
               <l:identificatie>nl.imow-gm0363.punt.PuntLocatieWijziging</l:identificatie>
               <l:geometrie>
                  <l:GeometrieRef xlink:href="ecd4d1d6-2d83-4851-a386-1ab935c64afe"/>
               </l:geometrie>
            </l:Punt>
         </ow-dc:owObject>
      </sl:stand>
      <sl:stand>
         <ow-dc:owObject>
            <l:Puntengroep>
               <l:identificatie>nl.imow-gm0363.puntengroep.PuntengroepBeeindiging</l:identificatie>
               <l:noemer>PuntengroepBeeindiging</l:noemer>
               <l:groepselement>
                  <l:PuntRef xlink:href="nl.imow-gm0363.punt.PuntBeeindiging"/>
               </l:groepselement>
            </l:Puntengroep>
         </ow-dc:owObject>
      </sl:stand>
      <sl:stand>
         <ow-dc:owObject>
            <l:Punt>
               <l:identificatie>nl.imow-gm0363.punt.PuntBeeindiging</l:identificatie>
               <l:geometrie>
                  <l:GeometrieRef xlink:href="fe049263-ca25-4dd5-8735-437925dbc477"/>
               </l:geometrie>
            </l:Punt>
         </ow-dc:owObject>
      </sl:stand>
      <sl:stand>
         <ow-dc:owObject>
            <l:Puntengroep>
               <l:identificatie>nl.imow-gm0363.puntengroep.PuntengroepIntrekkenVervangen</l:identificatie>
               <l:noemer>PuntengroepIntrekkenVervangen</l:noemer>
               <l:groepselement>
                  <l:PuntRef xlink:href="nl.imow-gm0363.punt.PuntIntrekkenVervangen"/>
               </l:groepselement>
            </l:Puntengroep>
         </ow-dc:owObject>
      </sl:stand>
      <sl:stand>
         <ow-dc:owObject>
            <l:Punt>
               <l:identificatie>nl.imow-gm0363.punt.PuntIntrekkenVervangen</l:identificatie>
               <l:geometrie>
                  <l:GeometrieRef xlink:href="e6529fa5-3d99-4cca-92d3-aa2dabff60b1"/>
               </l:geometrie>
            </l:Punt>
         </ow-dc:owObject>
      </sl:stand>
      <sl:stand>
         <ow-dc:owObject>
            <l:Ambtsgebied>
               <l:identificatie>nl.imow-gm0363.ambtsgebied.kadastertest</l:identificatie>
               <l:bestuurlijkeGrenzenVerwijzing>
                  <l:BestuurlijkeGrenzenVerwijzing>
                     <l:bestuurlijkeGrenzenID>GM0363</l:bestuurlijkeGrenzenID>
                     <l:domein>NL.BI.BestuurlijkGebied</l:domein>
                     <l:geldigOp>2022-03-01</l:geldigOp>
                  </l:BestuurlijkeGrenzenVerwijzing>
               </l:bestuurlijkeGrenzenVerwijzing>
            </l:Ambtsgebied>
         </ow-dc:owObject>
      </sl:stand>
   </sl:standBestand>
</ow-dc:owBestand>
